402786990698926080	Alluvione Sardegna 2013, video. Oggi ancora piogge: a Bonorva scuole chiuse http://t.co/oyoFWGinvy #ForzaSardegna #allertameteoSAR #maltempo sediment alluvion Legal_term soil recording video analog_signal electronic_media technology day today water rain precipitation weather comune Bonorva educational_institution school building institution closed weather Severe_weather	8	2	0	140	18	3	1
207545796952993793	Si festeggia il 2 giugno ma si aumenta la benzina??? http://t.co/PeaWFnFt #terremoto #benzina #no2giugno get_together celebrate month June Gregorian_calendar_month Ou_Nederlandse_maandname change_magnitude increase fuel gasoline hydrocarbon mixture liquid Petroleum_product chemical_compound fuel geological_phenomenon earthquake geophysics energy natural_disaster geology phenomenon oscillation astronomy 2010_Haiti_earthquake geography fuel gasoline hydrocarbon mixture liquid Petroleum_product chemical_compound fuel	3	6	3	104	17	3	0
207825116627873792	RT @Microsatira: Nuova accisa di 2 centesimi sulla #benzina. Monti: ¬´Con un #terremoto al mese assesto i conti¬ª. programming_language New_(C++) tax excise indirect_tax subunit centesimo fuel gasoline hydrocarbon mixture liquid Petroleum_product chemical_compound fuel elevation mountain Geographical_feature geography landform terrain Begriff_(Philosophie) geological_phenomenon earthquake geophysics energy natural_disaster geology phenomenon oscillation astronomy 2010_Haiti_earthquake geography period month unit_of_time transcription rearrangement peer earl human Royal_and_noble_ranks	10	2	0	114	18	2	0
211944845902741505	RT @Commentaweb: #Terremoto alla maturit√† solo esami orali http://t.co/mWYoWVbV imp brat time_of_life maturity terminology communication test Leistungsbeurteilung_(Schule) Educational_assessment	4	2	0	80	12	1	0
205229895222169600	RT @MediasetTgcom24: #Modena, allarme bomba in centro, nella via dove si trovano gli uffici giudiziari http://t.co/be5OLOdi fear alarm threat Bomb_threat crime arms bomb explosive_device energy low_explosive ammunition weapon Explosive_weapon point midpoint Point_(geometry) encounter administrative_body authority organization room area judicial	7	3	1	123	19	1	0
403946459919577088	RT @laccio: #sardegna 19/11/2013 #nocomment #allertameteosar utente instagram marcoshog http://t.co/KGVTnCRyk7 person user Software_agent	4	3	0	110	15	3	0
212547231830650880	RT @insidER_ricerca: Studio le rocce del #terremoto passato per capire il presente. Intervista a Francesca Remitti, geologa: http://t.co ... workplace studio room employee artist stuff rock mineral material geology facies Construction_aggregate geological_phenomenon earthquake geophysics energy natural_disaster geology phenomenon oscillation astronomy 2010_Haiti_earthquake geography move go_across understand present interrogation interview conversation scientist geologist profession earth_scientist	7	3	0	140	20	1	0
328033001013395456	Bangladesh, le vittime del crollo del Rana Plaza ricattate dai datori di lavoro - Corriere.it http://t.co/NhvoDzwc3O via @Corriereit Asian_country Bangladesh nation country unfortunate victim economic_condition depression crisis recession dynasty Rana_dynasty influence blackmail leader employer leader employer activity job labour Express√£o_idiom√°tica hypothesis	10	3	0	132	21	0	1
402514218353979393	Maltempo in Sardegna: alluvione nell'Oristano  L'acuta fase di maltempo a causato allagamenti e anche un morto in... http://t.co/vuBaglbMN4 weather Severe_weather sediment alluvion Legal_term soil acute state_of_matter phase weather Severe_weather create cause behavior_modification flooding change death biology faith being property process_(computing) event_(philosophy) philosophy	8	3	0	139	23	0	1
266444965184430080	RT @ansa_live: Terremoto in Guatemala: almeno 48 morti, 23 i dispersi: Presidente, bilancio potrebbe aggravarsi http://t.co/0hTFhXPv geological_phenomenon earthquake geophysics energy natural_disaster geology phenomenon oscillation astronomy 2010_Haiti_earthquake geography Central_American_country Guatemala Atlantic_Ocean nation Belize El_Salvador country Caribbean at_any_rate change death biology faith being property process_(computing) event_(philosophy) philosophy laggard straggler head_of_state President_of_the_United_States president position statesman plan budget finance sales be_able_to turn worsen	8	0	0	132	19	0	1
209388396647415808	RT @frafacchinetti: C'√® stata un'altra scossa?#Terremoto	1	3	0	57	8	0	1
402723132420931584	RT @PCFonteno: Numeri emergenza #Olbia : 0789/69502; 0789/52020; 366/6617681 #allertameteoSAR #Sardegna #EmergenzaSardegna http://t.co/C8mg‚Ä¶ definite_quantity number Mathematical_object crisis emergency	7	4	0	142	18	4	1
204040742920912897	#terremoto e' per caso caduto il governo? #sischerza geological_phenomenon earthquake geophysics energy natural_disaster geology phenomenon oscillation astronomy 2010_Haiti_earthquake geography proceedings case relationship Legal_transaction civil_action move descend social_control governance policy political_organisation System institution	3	3	0	52	8	2	0
403105216741904385	#Sardegna tre poliziotti salvano donna da voragine estratta viva da auto  http://t.co/YHbmWBlRa0 via @Agenzia_Italia island Sardinia autonomous_region_with_special_statute Italian_region lawman police_officer profession civil_servant employee carry_through deliver opening chasm motor_vehicle automobile	7	2	0	116	17	1	0
405404844585779200	#Sardegna. Quel disastro del Bilancio pubblico regionale http://t.co/pr4kB7dp4B misfortune disaster event_(philosophy) risk record balance_sheet document document document document process_(computing) public regional	3	2	0	79	11	1	0
402806183851225088	I Giovani Democratici di Trepuzzi si uniscono alla tragedia dell'alluvione in Sardegna. Tematiche da trattare,... http://t.co/lkjeVXqQZV man young_man adolescent political_system democracy form_of_rule comune Trepuzzi town connect drama tragedy message topic grammatical_category linguistics interact do_by	6	4	1	136	20	0	1
207385482236137472	RT @rep_bologna: Terremoto, un morto a Modena operai sotto le macerie a San Felice - Bologna - Repubblica.it http://t.co/a10C9anf geological_phenomenon earthquake geophysics energy natural_disaster geology phenomenon oscillation astronomy 2010_Haiti_earthquake geography people dead working_man laborer profession scrap debris Garbage_(band) person saint deity City Pistoia Italian_region provincial_capital Italy Tuscany comune Staden metropolis Bologna comune College_town City newspaper La_Repubblica daily_newspaper	11	1	0	129	21	0	1
401803241887105024	RT @JustElisabetta: #instacollage #family @Gio_BIP , Luigi , Giulio , #summermemories #Sardegna http://t.co/Ao3v1JI34C coin louis_d'or male_given_name Giulio	5	5	0	118	13	4	0
402766430237884417	RT @fattoquotidiano: #Sardegna Letta: ‚Äú20 milioni per la Sardegna. Poi allentamento patto Stabilit√†‚Äù http://t.co/8q14QYMZDO (VIDEO) large_integer million composite_number integer weakening loosening terminology Covenant_(law) duty firmness stability recording video analog_signal electronic_media technology	10	1	0	136	18	1	1
207398698509008896	RT @pbersani: #direzionepd Il Pd √® a disposizione per portare aiuti concreti nelle zone colpite dal #Terremoto metropolis Padua City city_with_hundreds_of_thousands_of_inhabitants comune College_town attitude disposition entity habit carry bring activity assistance concrete anatomical_structure zona come_about strike geological_phenomenon earthquake geophysics energy natural_disaster geology phenomenon oscillation astronomy 2010_Haiti_earthquake geography	7	4	0	111	16	2	1
402569457320857600	RT @3BMeteo: Dopo la #Sardegna forti piogge e temporali possibili su: Lazio, Campania, Sicilia, poi anche su Calabria specie Ionica e Salen‚Ä¶ strong water rain precipitation weather storm thunderstorm Severe_weather weather possible Italian_region Lazio region_of_France Italian_region Campania taxon species subsection suborder alliance superfamily subphylum	12	0	0	142	22	1	1
403922946650955776	Giorgio Palmucci, #Aica sulla #Sardegna: 'Siamo al lavoro per l'estate' http://t.co/ew8Qnxzg8x island Sardinia autonomous_region_with_special_statute Italian_region activity job labour Express√£o_idiom√°tica hypothesis season summer year calendar meteorology science	5	3	0	94	15	2	0
207430327730311169	Wifi gratis e senza password: WiFe (Ferrara), Iperbole (Bologna), Goomobile (Bondeno) #terremoto RT @carmelitadurso @alfosignorini local_area_network WiFi technology electromagnetic_radiation Wireless free conic_section hyperbola curve comune Bondeno geological_phenomenon earthquake geophysics energy natural_disaster geology phenomenon oscillation astronomy 2010_Haiti_earthquake geography	10	2	0	130	15	1	1
207386136581115904	‚Äú@VeroHastadala: Scossa.Cos√¨,per non perdere l'abitudine a iniziare bene la giornata. #terremoto‚Äù use waste practice habitude commence better work_time day geological_phenomenon earthquake geophysics energy natural_disaster geology phenomenon oscillation astronomy 2010_Haiti_earthquake geography	2	3	0	102	14	1	1
207403614224916480	RT @frankowolf1: #terremoto a disposizione gratuita camere Hotel Porting Campagnola (ReggioEmilia) tel 052275484/3923556690 RT @agorarai ... geological_phenomenon earthquake geophysics energy natural_disaster geology phenomenon oscillation astronomy 2010_Haiti_earthquake geography rule regulation law economics free_market administrative_law Sens_(litt√©rature) free_of_charge enclosure chamber firearm Broni building hotel house architectural_structure trade tourism process_(computing) Porting automobile jeep	8	1	0	140	16	1	1
207425709801603073	#terremoto #Ferrara avvertita distintamente nuova scossa, pi√π breve geological_phenomenon earthquake geophysics energy natural_disaster geology phenomenon oscillation astronomy 2010_Haiti_earthquake geography clearly new reflex shock more short	2	3	0	68	8	2	1
403173743268073474	#Letta fa una comparsata in #Sardegna e poi scappa via per salvare il culo alla #Cancellieri...lo Stato Italiano √® tutto in questa immagine. execute island Sardinia autonomous_region_with_special_statute Italian_region run_away flee refrain spare human_body buttocks body_part anatomy mammal primate vertebrate man Scientific_terminology 2 System body title Chancellor Italian Old_Italian language language pro-drop_language Romance representation image Artifact_(error)	7	6	1	141	23	3	0
402762848289718272	RT @tiscalinotizie: Sardegna, Napolitano addolorato e commosso: solidariet√† alla #Sardegna http://t.co/tl93Q1pum6 #AllertameteoSAR #ForzaSa‚Ä¶ affect sadden affect touch commonality solidarity	8	4	0	143	16	3	1
207441815962533888	RT @BlitzQuotidiano: #Terremoto in #Emilia, danni alle aziende biomediche: forniture a rischio - http://t.co/ZCIscSoJ geological_phenomenon earthquake geophysics energy natural_disaster geology phenomenon oscillation astronomy 2010_Haiti_earthquake geography earthquake 2012_Northern_Italy_earthquakes Historical_region Emilia_(region_of_Italy) change damage establishment company Types_of_business_entity juridical_person organization biomedical activity provision Venture_capital_financing	9	2	0	117	16	2	1
330741367988953088	Strage in #Bangladesh: lavoravano 12ore al giorno a 1‚Ç¨ per aziende di abbigliamento occidentali. Ma esportiamo civilt√† o miseria? #vergogna murder massacre killing Violent_crime Asian_country Bangladesh nation country work unit_of_time day International_System_of_Units establishment company Types_of_business_entity juridical_person organization covering clothing consumer_goods matter material materialism western merchandise export society civilization terminology herb dayflower first_description_(of_a_taxon) taxon perennial dishonour shame emotion affect	10	2	0	142	20	2	0
402932931519606785	lutto nazionale per la morte degli immigrati e quando si parla di #sardegna c'√® la pausa per lo speciale di Renzi vincitore #tristerealt√† sadness mourning National_day_of_mourning national change death biology faith being property process_(computing) event_(philosophy) philosophy migrant immigrant communicate speak interval break contestant victor	9	4	1	139	23	2	0
270533623042670593	RT @amnestyitalia: #Guatemala: ‚ÄúLe ossa raccontano una storia‚Äù http://t.co/MxAZt9zJ #antropologia #giustizia @personedignita connective_tissue bone organ inform narrate humanities history bibliography abstract_object organization presentation social_science anthropology Scientific_study natural_virtue justice righteousness abstract_noun concept	5	5	0	128	15	3	0
402883103200645121	RT @TrivelaK: Oltre la #Sardegna, anche la mia #Calabria mostra le sue crepe strutturali dalle prime piogge.Nella zona di Catanzaro http://‚Ä¶ island Sardinia autonomous_region_with_special_statute Italian_region show crack fault geomorphology Discontinuity_(geotechnical_engineering) fracture Separation_(aeronautics) geomorphological performance premiere group_event anatomical_structure zona City Catanzaro comune provincial_capital communications_protocol HTTP Application_layer	11	2	1	142	22	2	0
402718740980432896	RT @SkyTG24: Il bilancio del maltempo in #Sardegna sale a 16 morti e un disperso. Tutti gli aggiornamenti: http://t.co/8rwW5xsIOG record balance_sheet document document document document process_(computing) weather bad_weather move rise change death biology faith being property process_(computing) event_(philosophy) philosophy laggard straggler change updating	8	1	0	129	22	1	1
403634688897875968	RT @Lolla_____: Il ricavato delle votazioni di #XF7 verr√† devoluto alle popolazioni colpite dall'alluvione in #sardegna Grazie #XFactor plant_material chaff straw conclude derive come_about come gift donate people population come_about strike geological_phenomenon flood hydrology rain natural_disaster river water phenomenon beauty cuteness	10	4	1	136	19	3	1
243365694182404098	09.44 (11.44 hr chilena) Terremoto en Costa Rica 7.9, se descart√≤ tsumani para centroamerica unit_of_time hour unit geological_phenomenon earthquake geophysics energy natural_disaster geology phenomenon oscillation astronomy 2010_Haiti_earthquake geography shore coast landform area Central_American Costa_Rican Abitanti_del_Mare_Orientale Yugoslavian_monetary_unit para currency	5	1	0	93	17	0	1
406173526274895872	RT @dimarcog: La Regione #Sardegna mette a disposizione #avvocati un proprio punto di accesso gratuito per il Processo civile telematico @r‚Ä¶ location part island Sardinia autonomous_region_with_special_statute Italian_region displace place rule regulation law economics free_market administrative_law Sens_(litt√©rature) professional lawyer profession legal_profession jurist person punctuation full_stop symbol typography punctuation_mark computer_network Punto_di_accesso way access free_of_charge knowledge mental_process biological_process terminology law civil_procedure Rechtsgebiet body law Processo_civile_telematico citizen civilian person telematic	7	4	1	142	21	2	0
402861544469692416	RT @ItalianPolitics: RT @corrado59: ‚Äú@PatriziaVaier: #Rai VERGOGNA http://t.co/dUGsYevZA2‚Äù. #Sardegna, tutta da leggere. company RAI joint-stock_company state_or_federal_territory_of_Malaysia dishonour shame emotion affect light	6	4	1	124	15	2	0
211821101347639297	RT @antoniosgobba: ¬´√à materia delicata, quella dei ricordi¬ª. San Felice, le foto magiche per ricominciare  http://t.co/Rl2otlmT di Nicol ... physical_entity matter cosmos philosophy chemistry concept physics entity ontology mass terminology discipline delicate mental_process memory basic_cognitive_process person saint deity representation photograph work_of_art image attractive preserve resume	7	2	1	143	20	0	0
207384744042840064	Per favore ragazzi, smettiamo di scrivere bischerate... oggi lasciamo spazio ai tweet di informazione! #Terremoto benignity favor male boy male person child human cease create_verbally compose today produce lead attribute space concept entity set set_theory chirp tweet knowledge information concept identifier sequence imp brat	6	5	1	113	15	1	1
244271781286932480	RT @ChivasseraCampe: RT Si le vas a #M√©xico Fav si le vas a #CostaRica taxon Costarica	8	0	2	71	15	2	0
204295941153501185	RT @anonimoconiglio: Se Stefano Venturi avesse fatto una battuta razzista anzich√© scherzare sul #terremoto sarebbe stato costretto a dim ... moon Stephano_(moon) satellite turn get attempt batting bigot racist communicate joke geological_phenomenon earthquake geophysics energy natural_disaster geology phenomenon oscillation astronomy 2010_Haiti_earthquake geography be go hold_out stand cause force	5	5	0	141	19	1	0
248095728218550272	RT @regionepiemonte: #terremoto Emilia: un aiuto da Mude Piemonte - Modello Unico digitale per l‚ÄôEdilizia http://t.co/IIjGggVv @RegioneE ... geological_phenomenon earthquake geophysics energy natural_disaster geology phenomenon oscillation astronomy 2010_Haiti_earthquake geography asterid_dicot_genus Emilia genus taxon worker assistant hypothesis model Scientific_modelling concept law Modello_unificato_compensativo equation Uniqueness_quantification Sign_(linguistics) logic digital	9	1	0	142	20	1	0
207367048286830593	l'aris anca fiache'... #terremoto #non√®unanovit√† geological_phenomenon earthquake geophysics energy natural_disaster geology phenomenon oscillation astronomy 2010_Haiti_earthquake geography	2	2	0	50	7	2	0
402868863521808384	: Alluvione in Sardegna, il ministro Orlando: Protezione civile avvis√≤ che vittime erano possibili http://t.co/dqswv9g1cW sediment alluvion Legal_term soil island Sardinia autonomous_region_with_special_statute Italian_region executive minister politician City Orlando activity protection protection civil_defense special_field elbow_grease civil inform advise criminal_law victim crime person law possible	7	2	0	122	17	0	1
204117351896059904	RT @alfoadd: Sono un po' scosso. #terremoto move shake geological_phenomenon earthquake geophysics energy natural_disaster geology phenomenon oscillation astronomy 2010_Haiti_earthquake geography	3	2	0	43	7	1	1
402727293195661312	RT @MeteoWeb_eu: Alluvione in Sardegna, recuperato il cadavere di un poliziotto: almeno 10 tra morti e dispersi: E‚Äô morto uno d... http://t‚Ä¶ sediment alluvion Legal_term soil catch body cadaver death human_anatomy guitar body human_body police_officer police_matron at_any_rate change death biology faith being property process_(computing) event_(philosophy) philosophy laggard straggler turn perish	8	2	1	144	23	0	1
204200298414215168	@Polliandre assolutamente! Festeggeremo alla grande!! Ma tu sei a Milano? hai sentito il #terremoto ?! absolutely sterling are metropolis Milan City Chef-lieu comune municipality know realize album Terremoto	3	5	1	102	14	1	0
405653117993488384	RT @SardegnaSugg: Alghero (SS) - scatto di Paolo Calaresu http://t.co/v1SjnCv00J #sardegna #fotografia http://t.co/XBNL9WAusX police Schutzstaffel paramilitary organization enter shoot given_name Paolo toponym representation photograph work_of_art image	8	2	0	125	18	2	0
405733002744844289	@buytourism Vedremo di organizzarci con un bel souvenir dalla #Sardegna per #bto2013 #itisme unit Bel logarithmic_scale	4	4	1	92	13	3	0
243152791290392576	RT @INGVterremoti: #terremoto Ml:2.4 2012-09-05 00:46:47 UTC Lat=39.88 Lon=16.02 Prof=8.9Km Prov=POTENZA,COSENZA geological_phenomenon earthquake geophysics energy natural_disaster geology phenomenon oscillation astronomy 2010_Haiti_earthquake geography metric_capacity_unit cubic_centimetre unit_of_volume unit Greenwich_Mean_Time coordinated_universal_time time_zone time_standard academician professor title_in_the_higher_education_in_the_Netherlands academic_degree profession position teacher metric_linear_unit kilometre Unit_of_length Military_slang power electric_power physical_quantity rate	7	2	0	112	25	1	0
207442298273927169	@lddio non √® che potresti non far succedere pi√π niente? Sai, ho una certa paura io qui da sola.. #Terremoto be_able_to come_about more village_of_Japan Sai,_Aomori Japan certain emotion fear geological_phenomenon earthquake geophysics energy natural_disaster geology phenomenon oscillation astronomy 2010_Haiti_earthquake geography	4	6	2	109	19	1	1
206010870403301376	RT @manuvegha: Forte scossa! #Bastiglia #Terremoto #Modena @gazzettamodena @enrico_grazioli defence fort reflex shock geological_phenomenon earthquake geophysics energy natural_disaster geology phenomenon oscillation astronomy 2010_Haiti_earthquake geography	7	3	0	91	9	3	1
207718765847265280	Solo un numero 45500. #aiuti #terremoto definite_quantity number Mathematical_object assistance succor war aid economics aid_agency Dzia≈Çania law geological_phenomenon earthquake geophysics energy natural_disaster geology phenomenon oscillation astronomy 2010_Haiti_earthquake geography	2	2	0	39	6	2	1
207389550719418368	RT @MediasetTgcom24: #Terremoto: in #Emilia un morto e 4 feriti gravi, in corso verifiche in tutta la zona: si temono altre vittime sott ... geological_phenomenon earthquake geophysics energy natural_disaster geology phenomenon oscillation astronomy 2010_Haiti_earthquake geography asterid_dicot_genus Emilia genus taxon turn perish people wounded weight saddle bed course anatomical_structure zona fear unfortunate victim	9	2	2	140	23	2	1
243369330623008768	Terremoto de magnitud 7,6 sacude Costa Rica  http://t.co/dGZ5i0G5 geological_phenomenon earthquake geophysics energy natural_disaster geology phenomenon oscillation astronomy 2010_Haiti_earthquake geography shore coast landform area Central_American Costa_Rican Abitanti_del_Mare_Orientale	4	1	0	65	12	0	1
402577296458260480	@EnricoLetta  @LUIGIPROIETTI5 @JongSecco  e allora per la #Sardegna  Ma cavolo siete buoni solo a politicazzare....!! Agite!!! Cuisine_traditionnelle Cocina_sarda crucifer cabbage vegetable taxon first_description_(of_a_taxon) flora person good_person	4	4	0	126	16	1	1
243374925816139776	Forte terremoto atinge a Costa Rica e gera alerta de tsunami http://t.co/dWyp7cVG defence fort geological_phenomenon earthquake geophysics energy natural_disaster geology phenomenon oscillation astronomy 2010_Haiti_earthquake geography shore coast landform area country Costa_Rica Central_American_country Atlantic_Ocean nation Panama Caribbean_Sea Abitanti_del_Mare_Orientale disaster tsunami wave natural_disaster	6	1	0	81	15	0	1
208202515911680000	RT @gazzettamodena: #TERREMOTO #MODENA anche domani scuole chiuse nel capoluogo #MODENA geological_phenomenon earthquake geophysics energy natural_disaster geology phenomenon oscillation astronomy 2010_Haiti_earthquake geography tomorrow educational_institution school building institution closed settlement Chef-lieu town City	6	3	0	87	11	3	1
402839104943316992	RT @HuffPostItalia: #allertameteoSAR: Ancora allerta per temporali e venti di burrasca sulla #Sardegna http://t.co/SRLrOpMamb vigilant storm thunderstorm Severe_weather weather weather wind atmosphere Earth climate nature motion flow rapper wind gale island Sardinia autonomous_region_with_special_statute Italian_region	6	4	0	125	17	2	1
402774411993808898	Gabrielli√® stata una piena millenaria Ma diamoci un taglio a queste eresie, suvvia, si pensi ad aiutare la popolazione piuttosto #sardegna full millennial deformation shear linear_operator cognitive_content heresy think support aid people population	5	5	1	139	21	1	0
405448293364137984	Concorso di idee riservato alle scuole del Marghine: Raccontiamo i segni identitari del Marghine: Il... http://t.co/lcCG5VhnrN #sardegna meeting competitive_examination entrance_examination Power_Sports cognitive_content idea concept mental_process confidential educational_institution school building institution Historical_region Marghine clew sign Historical_region Marghine	8	3	0	136	20	1	0
328116652220747778	RT @squerit_ita: @martamacbeal @martamacbeal @segnaliamoilraz i vostri tweet sul #Bangladesh sono stati citati qui http://t.co/wWc5hTczt8 chirp tweet	5	3	0	137	18	1	0
402616597107732480	RT @danielecina: Se ho infastidito qualcuno con i tweet sulla #sardegna, me ne dispiaccio, ma a volte bisogna rendere utile anche Twitter. displease rile chirp tweet object mind circle Volte create helpful microblogging Twitter Social_networking_service	6	5	3	138	22	1	0
404244066759892992	RT @sattamelissa: Buongiorno #italia buongiorno #Sardegna good morning #world #unpensieropertutti greeting good_morning farewell greeting good_morning farewell	8	3	0	97	10	4	0
211342136967311360	RT @Corriereit: #terremoto, dopo Emilia, Friuli: scossa magnitudo 4.5 tra Belluno e Pordenone, epicentro a Barcis. E 2 scosse in Emilia  ... geological_phenomenon earthquake geophysics energy natural_disaster geology phenomenon oscillation astronomy 2010_Haiti_earthquake geography asterid_dicot_genus Emilia genus taxon Friuli reflex shock seismic_wave Magnitudo_(geologia) geographic_point epicenter comune Barcis move shake asterid_dicot_genus Emilia genus taxon	11	2	0	140	22	1	1
403285198525050880	Gioved√¨ sar√† lutto nazionale per le vittime dell'alluvione in #Sardegna.Cos√¨ qualcuno la smette di dire che ci si dimentica degli #italiani. weekday Thursday day_of_the_week sadness mourning National_day_of_mourning national unfortunate victim geological_phenomenon flood hydrology rain natural_disaster river water phenomenon quit pronounce forget Italian Old_Italian language language pro-drop_language Romance	8	3	4	143	23	2	1
212968717447995392	RT @Rainews24: Ateneo di #LAquila primo in #Abruzzo http://t.co/M7ixaUtj #universita #istruzione #terremoto ordinal_number first Italian_region Abruzzi_e_Molise Geographical_feature command instruction computer_architecture computer_science microprocessor programming_language geological_phenomenon earthquake geophysics energy natural_disaster geology phenomenon oscillation astronomy 2010_Haiti_earthquake geography	9	3	0	107	15	5	0
207567628292734976	@alexneridj @RengaOfficial @LoCocoAntonella @coccodj @RADIOBRUNO1 @GioPanariello@frafacchinetti @CremoniniCesare45500 #terremoto fai girare geological_phenomenon earthquake geophysics energy natural_disaster geology phenomenon oscillation astronomy 2010_Haiti_earthquake geography execute move turn	6	4	0	139	11	1	0
402866481173504000	#Sardegna Ma #Briatore √® la notizia pi√π importante della giornata? @repubblicait @Corriereit @fattoquotidiano @Il_Cicalino island Sardinia autonomous_region_with_special_statute Italian_region human Flavio_Briatore businessman info news broadcasting communication more important work_time day	4	6	1	124	13	2	0
403080667476811776	http://t.co/3Y6CVXqRq5 @ugocappellacci @renatosoru #Sardegna #sardegnaciclone  #allertameteoSAR #pprsardegna	2	4	0	108	10	4	1
402579100016992257	tv pubblica di merda!   #Sardegna broadcasting television Mediu_(arte_»ôi_culturƒÉ) data-storage_medium audience TV_audience public disagreeable_person motherfucker vulgarism	3	1	0	33	5	1	0
207461504012922880	Smentito dall'#avis il bisogno di donazioni sangue a #modena. Organi di informazione, per favore, cercate di essere precisi alla prima. charitable_organization Associazione_Volontari_Italiani_del_Sangue NGO necessity need gift donation body_fluid blood wind_instrument organ keyboard_instrument aerophone musical_instrument knowledge information concept identifier sequence benignity favor search	7	6	0	135	21	1	0
212472279609782272	MODENA e il terremoto: salvati pulcini di piccione dalle macerie http://t.co/3fSY2tpG geological_phenomenon earthquake geophysics energy natural_disaster geology phenomenon oscillation astronomy 2010_Haiti_earthquake geography young_bird chick chicken columbiform_bird pigeon scrap debris Garbage_(band)	5	2	0	85	14	0	1
405156931859652608	RT @wikipibi: #Omofobia in #Sardegna, coppia gay picchiata finisce in ospedale http://t.co/WiW2DEjlN5 prejudice homophobia Aversives fear discrimination phobia mountain_range range_(biology) family match marriage same-sex_marriage homosexual terminate complete health_facility hospital institution health_facility	7	3	1	101	15	2	0
207469418664570880	RT @EliaMonti: Tutte le informazioni sul #terremoto racchiuse in un unico link: numeri tel, wifi,... RT http://t.co/qRbQTrMb @matteograndi knowledge information concept identifier sequence geological_phenomenon earthquake geophysics energy natural_disaster geology phenomenon oscillation astronomy 2010_Haiti_earthquake geography 1 link hyperlink address definite_quantity number Mathematical_object local_area_network WiFi technology electromagnetic_radiation Wireless	7	2	0	138	21	1	1
402870239266103296	RT @CriticoCinema: #URGENTE !!!  #SARDEGNA #ALLERTAMETEOSAR  Fate girare, girare, girare! http://t.co/OBiIFydvud island Sardinia autonomous_region_with_special_statute Italian_region spiritual_being fairy spirit mythic_humanoid water_deity move turn move turn move turn	5	8	0	112	13	3	1
402764588921663488	RT @Louis_solos: @GiorgiaOfficial @AmorosoOF @officialpausini @mengonimarco  contributo #rt #allertameteoSAR #Sardegna #ForzaSardegna http:‚Ä¶ attempt contribution communications_protocol HTTP Application_layer	6	5	1	142	12	4	0
403143548478169088	RT @welikechopin: un'isola di sogno? un miraggio? @makkox per la #sardegna #gazebo http://t.co/C5n3062VWw land island landform location place Geographical_feature composition singer Sogno_(Gianna_Nannini) optical_illusion mirage optical_phenomenon building gazebo Structure	5	2	1	105	17	2	0
274248320958996480	RT @ZaniniGermano: #Forgreen LIfe.Il mio plauso a Bernhard SCHOLZ presidente#CDO.Al centro delle#imprese moderne?La PASSIONE delle PERSO ... given_name Bernhard male_given_name name cognitive_content essence emotion passion feeling people doomed	9	3	0	140	21	1	0
403499275793215488	#45500 #Sardegna http://t.co/WvKkORrRd6 island Sardinia autonomous_region_with_special_statute Italian_region	2	2	0	39	6	2	0
207412208337027072	Per tutti i disgustati da Groupon sulla sparata #SantoDomingo dopo il #terremoto √® possibile disiscriversi al numero verde 8004768766. geological_phenomenon earthquake geophysics energy natural_disaster geology phenomenon oscillation astronomy 2010_Haiti_earthquake geography possible sign telephone_number sequence number Toll-free_telephone_number green	6	5	0	135	18	2	0
405111595623514112	RT @ilpost: Le foto dalla Sardegna, una settimana dopo l'alluvione (e qualche aggiornamento) http://t.co/XoC6hCe1on http://t.co/y75xBTYivh representation photograph work_of_art image period week unit_of_time sediment alluvion Legal_term soil change updating	7	0	0	138	22	0	1
403636001714614272	#Sardegna 50 anni di lavoro persi cosi #serviziopubblico period year unit_of_time time_standard energy work physical_quantity use waste	4	1	0	56	8	2	0
402835334238830592	RT @AlessandraRaina: Magari servir√† a poco ma ora siamo tutti una famiglia! Per i Tributi della #Sardegna @LegaTributes @HungerGamesIta htt‚Ä¶ provide serve social_group family clan person people levy tax Tribute law island Sardinia autonomous_region_with_special_statute Italian_region	4	4	1	143	20	1	1
403061784736989185	http://t.co/1q1q3kmAKE #sardegna #fotografia http://t.co/vMIgzvWy6R representation photograph work_of_art image	4	1	0	67	10	2	0
328109299614240770	#Bangladesh: palazzo crollato, 4 arresti. Bilancio sale a 337 morti http://t.co/7efmwC3Ubn drop slump confinement imprisonment captivity record balance_sheet document document document document process_(computing) move rise change death biology faith being property process_(computing) event_(philosophy) philosophy	5	3	0	90	14	1	1
403656134374211584	RT @fattoquotidiano: #ServizioPubblico 'Noi parliamo, ma la cementificazione va avanti cos√¨ in #Sardegna' GUARDA: http://t.co/GaIMUcYuwh communicate speak trust_fund Real_estate_investing leave go ahead such	7	3	1	137	18	2	0
207423415517327361	RT @ValentinaSacco2: @NicoSavi perfavore RT questo messaggio #terremoto a tutti i cittadini dei territori colpiti liberare le wifi UNICO ... object Messaggio geological_phenomenon earthquake geophysics energy natural_disaster geology phenomenon oscillation astronomy 2010_Haiti_earthquake geography national citizen range home_range touch hit disengage local_area_network WiFi technology electromagnetic_radiation Wireless equation Uniqueness_quantification Sign_(linguistics) logic	9	3	0	140	19	1	1
403599087632908288	RT @Marghe_cantiere: La #sardegna frana,#laquila √® in macerie,la #terradeifuochi muore?Dobbiamo fare tav!Altrimenti gli amici del #Pd come ‚Ä¶ rock landslide soil slide natural_disaster flood Earth geology seismology disaster phenomenon risk Bergsturz historiography science scrap debris Garbage_(band) execute friend buddy stock_character stereotype literary_character terminology Order_of_Canada theatrical_character metal palladium transition_metal Group_10_element Period_5_element chemical_element atomic_number	6	6	3	143	20	3	0
402700290241331200	RT @8nedu2: E anche oggi, faranno tante promesse sulla #Sardegna e li lasceranno soli nei loro problemi,  come gli Aquilani, i Marchigiani ‚Ä¶ today execute commitment promise speech_act activity produce lead star sun G-type_main-sequence_star difficulty problem entity obstacle Challenge_(TV_channel)	7	4	1	142	22	1	1
204036984811945984	Arriva prima su #twitter che da altri parti la notizia del #terremoto. Che scorlo cio'!! microblogging Twitter Social_networking_service birth childbirth culmination info news broadcasting communication imp brat	2	5	1	88	15	2	1
242919634125328384	RT @RedazioneWebAL: #Terremoto, Costi (Pd): tanto fatto, tanto da fare, l'importante per chi abita nel cratere √® non sentirsi mai ostac ... geological_phenomenon earthquake geophysics energy natural_disaster geology phenomenon oscillation astronomy 2010_Haiti_earthquake geography outlay cost value concept monetary_value metropolis Padua City city_with_hundreds_of_thousands_of_inhabitants comune College_town from_time_to_time create build from_time_to_time execute important be live feel	5	6	1	140	21	1	0
324141181846028289	RT @nextodrew: √® morto un bimbo di 8 anni mentre aspettava di abbracciare suo padre al traguardo. #PrayForBoston turn perish girl bimbo period year unit_of_time time_standard await clasp embrace parent father kinship destination finish_line line	6	4	0	113	17	1	0
403612266152853504	RT @nonleggerlo: Come si fa a rifugiarsi in uno scantinato?. E ora: dovevano salire &gt; http://t.co/b0wXt2ql7h #sardegna execute storey basement Subterranea_(geography) Ground_Floor have move rise	5	3	2	121	20	1	1
402720326423162880	RT @DeBortoliF: #sardegna,con il Tg di Mentana, il Corriere della Sera avvia una raccolta di fondi con l'iniziativa Un aiuto subito. news television_news television_program broadcasting information traveler courier craft profession periodical Corriere_della_Sera newspaper daytime evening Tageszeit song hymn begin commence gather harvest donation political_contribution face underside commencement initiative chess assistance succor war aid economics aid_agency Dzia≈Çania law forthwith	8	4	0	132	23	1	1
204053350977773568	questa √® l'impressionante immagine della torre di Finale Emilia... http://t.co/vlY6I3c8 #terremoto impressive representation image Artifact_(error) tower high-rise building Structure quality ultimate comune Finale_Emilia Historical_region Emilia_(region_of_Italy) geological_phenomenon earthquake geophysics energy natural_disaster geology phenomenon oscillation astronomy 2010_Haiti_earthquake geography	4	3	1	99	14	1	1
402717126177202176	il ministro #Mauro si recher√† in #Sardegna, confermata anche la visita del premier #Letta (#allertameteoSAR) executive minister politician given_name Mauro name male_given_name toponym carry bear coming_together visit	7	4	1	109	15	3	1
244094685168140288	RT @INGVterremoti: #terremoto Ml:2.9 2012-09-07 15:10:07 UTC Lat=39.89 Lon=16.02 Prof=8.4Km Prov=POTENZA,COSENZA geological_phenomenon earthquake geophysics energy natural_disaster geology phenomenon oscillation astronomy 2010_Haiti_earthquake geography metric_capacity_unit cubic_centimetre unit_of_volume unit Greenwich_Mean_Time coordinated_universal_time time_zone time_standard academician professor title_in_the_higher_education_in_the_Netherlands academic_degree profession position teacher metric_linear_unit kilometre Unit_of_length Military_slang power electric_power physical_quantity rate	8	1	0	112	25	1	0
404909254017941504	#noallaviolenzasulledonne Gli appuntamenti a #Cagliari #violenzasulledonne #sardegna http://t.co/SsOoHMcYIV get_together appointment	3	6	0	107	11	4	0
402581931189362688	RT @Emergenza24: [19.11-00:30] #Sardegna +++LE ISTRUZIONI PER APRIRE IL WIFI+++ http://t.co/JNgrnaXio4 #allertameteoSAR #emergenza24 code command type Directive_(programming) system_call Open_(system_call) local_area_network WiFi technology electromagnetic_radiation Wireless	5	3	0	132	19	3	1
404545293271990272	RT @mjguel2: Alluvione Sardegna: Il sindaco di Olbia aveva informato politici e prefetto del pericolo. Ecco le carte  http://t.co/L0G3A2KVfW sediment alluvion Legal_term soil island Sardinia autonomous_region_with_special_statute Italian_region politician mayor civil_authority official statesman position public_official officer communicate inform person politician leader politics human political_science profession Indiv√≠duo administrator prefect title form danger risk event_(philosophy) management album Ecco stuff paper tree matter material materialism	9	2	0	140	22	0	1
243159334404636672	#terremoto #Attualita - TERREMOTO IN EMILIA:TRE MESI DOPO.. (myazaky) http://t.co/eWmqlLmn #sismografo geological_phenomenon earthquake geophysics energy natural_disaster geology phenomenon oscillation astronomy 2010_Haiti_earthquake geography geological_phenomenon earthquake geophysics energy natural_disaster geology phenomenon oscillation astronomy 2010_Haiti_earthquake geography earthquake 2012_Northern_Italy_earthquakes Historical_region Emilia_(region_of_Italy) period month unit_of_time Sismografo	10	2	0	102	14	3	0
207262794649829376	Argonauti risalirono il fiume, il corpo di Fetonte bruciava, emanava vapore nauseabondo, soffocava e uccideva gli uccelli #terremoto character Argonaut human band originate go_back stream river natural_object body object Greek_deity Phaethon Son computer_file destroy burn vapor steam gas water_vapor smelly kill asphyxiate kill vertebrate bird taxon clade fauna geological_phenomenon earthquake geophysics energy natural_disaster geology phenomenon oscillation astronomy 2010_Haiti_earthquake geography	6	7	0	132	18	1	0
405998921610047488	Alluvione Sardegna, quando la solidariet√† pecca di eccesso: /Edicola/Ultime-notizie/27-11-2013-23-30-38 http://t.co/R73gyJxtZ9 sediment alluvion Legal_term soil commonality solidarity worth demerit overabundance excess	6	1	0	127	21	0	1
204609343721717761	Mi son resa conto ora che sto leggendo un libro di Pederiali, nato a Finale Emilia. E la trama si svolge nei paesi del #terremoto nel '44. Ora_che hold_out stand construe read publication book work collectable medium set quality ultimate comune Finale_Emilia Historical_region Emilia_(region_of_Italy) story plot concept effect execute complete administrative_division country region Administrative_divisions_of_Germany Federal_republic Federated_state geography geological_phenomenon earthquake geophysics energy natural_disaster geology phenomenon oscillation astronomy 2010_Haiti_earthquake geography	9	5	2	138	27	1	0
246177593324363776	RT @ermes1975: Emilia Romagna, inagibile il 55% degli edifici culturali http://t.co/4rYrFovo #terremoto Historical_region Emilia_(region_of_Italy) Italian_region Emilia-Romagna Historical_region Romagna structure building house technology architecture architectural_structure Structure construction cultural geological_phenomenon earthquake geophysics energy natural_disaster geology phenomenon oscillation astronomy 2010_Haiti_earthquake geography	5	1	0	103	15	1	0
402826572337778689	RT @Internazionale: Tutti i luoghi colpiti dall'alluvione in Sardegna. http://t.co/VJD1UGczpl http://t.co/n5PrilwTrS socialism International political_organisation organization geographic_area place reach sediment alluvion Legal_term soil	6	1	0	116	18	0	1
403657027773145088	@welikechopin #gazebo non dimenticatevi di noi !! #ForzaSardegna #Sardegna building gazebo Structure	3	2	1	74	8	3	1
404017704358932480	RT @monicafrassoni: #Sardegna Mi sono un po' scocciata di questa colpa eterna dei politici: ma chi vota quelli che fanno i condoni? @GreenI‚Ä¶ nonaccomplishment error property event_(philosophy) everlasting person politician leader politics human political_science profession Indiv√≠duo execute forgiveness condonation	8	5	4	142	23	1	0
401736359511339010	RT @hutterdesign: Cala Soraya, la nostra spiaggia preferita a Spargi, arcipelago di La Maddalena,  #Sardegna. http://t.co/X1rWBvLzig RT via‚Ä¶ given_name Soraya formation beach area shore landform lover darling island Spargi settlement land archipelago Geographical_feature landscape island Maddalena_archipelago evildoer Mary_Magdalene saint disciple human island Sardinia autonomous_region_with_special_statute Italian_region	9	3	0	142	21	1	1
403989900300517376	Con il dovuto rispetto, a me, le donazioni a mezzo sms per catastrofi di ogni genere, sono sempre parse una colossale fregatura.#Sardegna be owe gift donation instrumentality medium tool entity computer_memory channel Catastrophe_(drama) kind ilk colossal	5	2	1	137	23	0	1
207555427066576896	#TERREMOTO da stamattina alle 9 ci sono state 130 scosse, 64 sopra forza 3 di magnitudo http://t.co/o4XgXJpU @retwitto_tutti @SpazioTweet geological_phenomenon earthquake geophysics energy natural_disaster geology phenomenon oscillation astronomy 2010_Haiti_earthquake geography this_morning reflex shock physical_phenomenon force physical_quantity seismic_wave Magnitudo_(geologia)	6	2	1	137	22	1	1
207464213529100288	RT @catrux: Benedetto XVI Grande dolore. Parla delle sue nuove ciabattine Prada che gli stringono il durone. #terremoto man Benedict given_name male_given_name last_name proper_noun human Pope_Benedict_XVI pope large_integer 16 Power_of_two composite_number square_number integer person adult age cohort somaesthesia pain sense perception emotion symptom feeling new tighten compress imp brat	7	3	2	119	18	1	0
403589977629790208	MT @simonecortesi La #Sardegna autorizza #osm ad uso e importazione del SIT Regionale :) @OpenStreetMapIt http://t.co/2MUP9dCS6K @open_ric island Sardinia autonomous_region_with_special_statute Italian_region allow clear survival custom practice commerce importation location region Geographical_feature place	10	3	0	138	19	2	0
402748621231116288	RT @Discovery2Radio: La #Sardegna in ginocchio a causa del ciclone, sono 17 i morti confermati... Articoli e #video http://t.co/q4uUWEhau1 ‚Ä¶ hinge_joint knee synovial_joint joint sandal proceedings case relationship Legal_transaction civil_action cyclone tornado natural_disaster change death biology faith being property process_(computing) event_(philosophy) philosophy nonfiction article piece recording video analog_signal electronic_media technology	9	3	1	142	22	2	1
402593905935671296	@danielecina: B&amp;B, 10 posti letto offerti gratuitamente in via D'Annunzio 92. Tel. 331.2095889 #Olbia #Sardegna #allertameteoSAR mouth read free_of_charge publicity advertising information communication	7	4	0	132	20	3	1
243364834316537857	Terremoto de magnitud 7,9 sacude Costa Rica http://t.co/mayyIaLg geological_phenomenon earthquake geophysics energy natural_disaster geology phenomenon oscillation astronomy 2010_Haiti_earthquake geography shore coast landform area Central_American Costa_Rican Abitanti_del_Mare_Orientale	4	2	0	64	12	0	1
208183901565353984	√® poi giusto limitare il numero giornaliero di Tweet, specie in un momento come questo? --- #terremoto - @TwitItalia @___TTT @RedRonnieRoxy just decrease circumscribe definite_quantity number Mathematical_object daily chirp tweet particularly time moment geological_phenomenon earthquake geophysics energy natural_disaster geology phenomenon oscillation astronomy 2010_Haiti_earthquake geography	4	4	1	140	18	1	0
209659986190663682	RT @VodafoneIT: Invia un SMS al numero 45500: donerai 2‚Ç¨ alla Protezione Civile per far fronte all‚Äôemergenza #terremoto in Emilia http:/ ... SMS Short_Message_Service definite_quantity number Mathematical_object gift donate activity protection protection civil_defense special_field elbow_grease citizen civilian person feature forehead head geological_phenomenon earthquake geophysics energy natural_disaster geology phenomenon oscillation astronomy 2010_Haiti_earthquake geography earthquake 2012_Northern_Italy_earthquakes Historical_region Emilia_(region_of_Italy)	7	4	0	144	22	1	1
404963394069213184	#fotoricordo #mamma #sassari #sardinia üíó http://t.co/CDL5j3ayIF mother mammy comune Sassari City Sardinia album Sardinia	2	4	0	66	8	4	0
204159911486160896	Porca puttana scene pazzesche nell'Emilia! #terremoto swine sow taxon photograph scene scene_(drama) incredible asterid_dicot_genus Emilia genus taxon geological_phenomenon earthquake geophysics energy natural_disaster geology phenomenon oscillation astronomy 2010_Haiti_earthquake geography	2	1	0	53	7	1	1
403470028915224576	Parole accazzo: http://t.co/ufkDQygsxR #LaraComi #Sardegna language word language_unit acoustic_wave morpheme Portuguese linguistics dictionary_entry set chemical_element	4	2	0	58	8	2	0
402358458659262464	FOTO - Michela Murgia, il vestito del Campiello venduto all'asta per 1.250 euro http://t.co/kOujz8DlhK #sardegna http://t.co/KqPvU72Cmo representation photograph work_of_art image given_name Michela female_given_name Murgia change dress Campo_(Venise) Campiello change sell currency euro monetary_unit	7	3	0	135	23	1	0
243692740825722880	Hei raga, questa sera Emergency √® all'Aquila sui luoghi del #terremoto vediamoli insieme  http://t.co/qy0ZHSMv via @laweb_tv raga daytime evening Tageszeit song hymn temporary_state emergency organization NGO bird_of_prey eagle Common_name name office lieu geological_phenomenon earthquake geophysics energy natural_disaster geology phenomenon oscillation astronomy 2010_Haiti_earthquake geography	6	3	0	125	19	1	0
209373158724210688	‚Äú@rep_parma: Terremoto, nuova forte scossa avvertita in tutto il nord Italia   - Parma - Repubblica.it http://t.co/dVJ8i7Bv‚Äù geological_phenomenon earthquake geophysics energy natural_disaster geology phenomenon oscillation astronomy 2010_Haiti_earthquake geography new hefty Scossa_(film) cardinal_compass_point north southwest northwest southeast noun northeast adjective adverb Geographical_feature Northern_Italy region European_country Italy nation country member_state_of_the_United_Nations member_state_of_the_Council_of_Europe social_state Member_state_of_the_European_Union Parliamentary_republic unitary_state newspaper La_Repubblica daily_newspaper	8	1	0	128	18	0	1
403150439744430080	#Emergenzacanili #Sardegna http://t.co/QCFRc34cQR island Sardinia autonomous_region_with_special_statute Italian_region	2	3	0	49	6	2	0
212091201950720000	‚Äú@AtletidItalia: Vogliamo lo #sportalleelementari. Se la pensi come noi, RT pls. Grazie‚Äù anche a #sanfelice e in tutti i comuni della Bassa! focus think Christian_theology grace state terminology Sanfelice urban_area municipality administrative_division settlement Political_division ethnic_group Bassa_people_(Cameroon)	6	3	3	144	22	2	0
402811787432960000	RT @Tempi_it: #Sardegna, alluvione. Intervista al direttore di Radio Barbagia http://t.co/0HHNn1qsnk #Nuoro #nuorese sediment alluvion Legal_term soil interrogation interview conversation skilled_worker editor profession editor broadcasting radio Wireless Mediu_(arte_»ôi_culturƒÉ) transmission Barbagia	9	1	0	116	16	3	1
204045272773427201	Terremoto mi vuoi lasciar dormire s√¨ o no? #terremoto geological_phenomenon earthquake geophysics energy natural_disaster geology phenomenon oscillation astronomy 2010_Haiti_earthquake geography want rest kip non geological_phenomenon earthquake geophysics energy natural_disaster geology phenomenon oscillation astronomy 2010_Haiti_earthquake geography	1	3	1	54	9	1	1
403279888523997184	@Fabrixfragile beh si √® comportato come neanche il pi√π odiato dei Savoia si comport√≤ con la #Sardegna necessitate imply non more dislike detest necessitate imply island Sardinia autonomous_region_with_special_statute Italian_region	4	3	2	104	16	1	0
248518958662168576	#Italia.#Terremoto.#Operaio muore sotto macerie del #sisma. Il padre: ‚ÄúPer #Inail vale 1900 ‚Ç¨, ricorso‚Äù http://t.co/EAa0DKZq turn perish scrap debris Garbage_(band) geological_phenomenon earthquake geophysics energy natural_disaster geology phenomenon oscillation astronomy 2010_Haiti_earthquake geography parent father kinship disease Istituto_nazionale_per_l'assicurazione_contro_gli_infortuni_sul_lavoro concern apply assistance recourse	8	5	0	130	19	3	0
204234234532069377	RT @PLANETHOTEL_NET: .@annamasera Per chi √® stato danneggiato dal #terremoto bisognoso di ospitalita', l'Hotel Diana di RA e' a disposiz ... hold_out stand damage hurt geological_phenomenon earthquake geophysics energy natural_disaster geology phenomenon oscillation astronomy 2010_Haiti_earthquake geography	7	2	1	141	20	1	1
403095741817958400	La #Sardegna non √® separata dal continente solo per il mare, ma dall'ignavia dei politici che non l'hanno considerata importante island Sardinia autonomous_region_with_special_statute Italian_region landmass continent body_of_water sea ocean System person politician leader politics human political_science profession Indiv√≠duo important	5	2	1	129	21	1	0
204039077794824192	#terremoto emiliano. Piadina con la scossadella. geological_phenomenon earthquake geophysics energy natural_disaster geology phenomenon oscillation astronomy 2010_Haiti_earthquake geography flatbread Piadina	1	3	0	48	6	1	0
208615868760993793	@informaturismo1 Parlerete di San Felice Circeo? person saint deity comune San_Felice_Circeo town mountain Mount_Circeo	4	1	0	48	6	0	0
402569960654118912	RT @marilena3: Ho tanti grandi amici a Olbia, quello che sta succedendo √® assurdo!amo quella terra,spero finisca tutto in fretta!‚ù§Ô∏è#Sardegna big hold_out stand come_about wish desire terminate complete speed haste	7	6	3	145	22	0	1
245416725607247872	RT @RegioneER: #terremoto, finanziate 128 opere per una spesa di quasi 5 milioni di euro con l'ordinanza n. 37 del 10 settembre 2012  ht ... geological_phenomenon earthquake geophysics energy natural_disaster geology phenomenon oscillation astronomy 2010_Haiti_earthquake geography pay finance piece_of_writing literature art cost expense concept accounting software_engineering hurricane finance large_integer million composite_number integer currency euro monetary_unit rite Ordinance_(Christianity) N. month September Gregorian_calendar_month Ou_Nederlandse_maandname	9	1	1	140	25	1	0
406073466975449088	#berlin per il progetto di promozione turistica #myland #sardinia http://t.co/XD7NRTjRWH work project management activity message publicity attempt Classical_element	3	3	0	88	13	3	0
403544616227848192	RT @Comune_Cagliari: Centri raccolta saturi: Protezione Civile #Sardegna invita ad interrompere invio di aiuti ai centri http://t.co/rw3HzY‚Ä¶ point midpoint Point_(geometry) gather harvest activity protection protection civil_defense special_field elbow_grease citizen civilian person island Sardinia autonomous_region_with_special_statute Italian_region request invite causation sending activity assistance point midpoint Point_(geometry)	7	4	0	142	20	1	1
207446706487439360	RT @SopreMan: Numeri Emergenza #terremoto - #Ferrara 0532771546, #Modena 059200200, #Mirandola 0535611039, #SanFelice 800210644, RT RT R ... definite_quantity number Mathematical_object crisis emergency geological_phenomenon earthquake geophysics energy natural_disaster geology phenomenon oscillation astronomy 2010_Haiti_earthquake geography comune Mirandola City Sanfelice	9	5	0	140	16	5	1
246586990924013568	RT @manuvegha: Anche stanotte ci ha scossi, #terremoto #FF a tutti noi che #teniamobotta! Nessuno ci dimentichi. enarthrosis hip joint move shake geological_phenomenon earthquake geophysics energy natural_disaster geology phenomenon oscillation astronomy 2010_Haiti_earthquake geography Ff_(liuteria) forget	2	5	5	112	17	3	0
402563006481317888	@annapaolaconcia OLBIA-DINTORNI:chi ha mezzi pesanti(terne e simili) √® invitato a mettersi a disposizione. http://t.co/QurwmtKbve #Sardegna instrumentality medium tool entity computer_memory channel truck large_goods_vehicle heavy excavator backhoe kind like request invite rule regulation law economics free_market administrative_law Sens_(litt√©rature)	7	2	1	140	20	1	1
402600860083302400	RT @silvioderossi: #allertameteoSAR - IMPORTANTE! #Sardegna Se la vostra wifi √® funzionante togliete la password. Fate in modo che tutti po‚Ä¶ island Sardinia autonomous_region_with_special_statute Italian_region local_area_network WiFi technology electromagnetic_radiation Wireless function spiritual_being fairy spirit mythic_humanoid water_deity property manner method_(computer_programming)	6	6	1	143	19	2	1
403146325136785408	RT @CriVigevano: E' ORA DI ENTRARE IN AZIONE!! #Sardegna, √® attivo il numero solidale 45500. DONA 2 EURO da CELLULARE e TELEFONO... http://‚Ä¶ process action active definite_quantity number Mathematical_object united title Dona currency euro monetary_unit radiophone mobile_phone telephone hand-held_computer peripheral electronic_equipment telephone medium device set peripheral	12	3	0	143	22	1	1
402881911984766977	RT @PamelaFerrara: Emergenza #Sardegna: raccolta fondi promossa da Corriere e La7  IT86 R030 6909 4000 0000 0111 105 #allertameteoSAR #Forz‚Ä¶ crisis emergency gather harvest cause fund-raising_campaign face underside vehicle coach public_transport road_vehicle motor_vehicle horse-drawn_vehicle	8	5	0	142	20	3	1
245723312460804096	Aggiornamento  - Ml: 2.7 3 km N di Mirandola (Modena) 2012-09-12 03:03:09 (UTC) #terremoto 609914 change updating comune Mirandola City Greenwich_Mean_Time coordinated_universal_time time_zone time_standard geological_phenomenon earthquake geophysics energy natural_disaster geology phenomenon oscillation astronomy 2010_Haiti_earthquake geography	7	2	0	97	19	1	0
396339393369485312	Il responsabile della sparatoria potrebbe essere ex-agente TSA in pensione. Spiegherebbe come sia arrivato al gate con un fucile cos√¨. #LAX Organisation_(Wirtschaft) Responsabile keep can authority Transportation_Security_Administration regular_payment pension contract arrive passageway gate bridge firearm rifle Personal_weapon such	6	6	0	140	22	1	0
403637721391853568	Valorizzare patrimonio architettonico, salvaguardare territorio: ottimizzare spazi = meno volumi √® l'av-ventura #Sardegna #serviziopubblico practice heritage architectural protect safeguard people nation country political_entity Political_division organization terminology Community_(Wales) hone optimize attribute space concept entity set set_theory measure volume extensive_physical_property quantity	7	6	0	140	14	2	0
402718862606495745	Tifone nelle Fillippine,ripetuti tornado negli Usa,alluvione in Sardegna. Forse i grandi della terra dovrebbero tornare a parlare del clima. cyclone typhoon hurricane cyclone tornado natural_disaster island Sardinia autonomous_region_with_special_statute Italian_region big be owe denote come_back communicate speak environmental_condition climate geography climate_change temperature	8	5	0	140	21	0	0
401665752564244480	#Oristano celebra gli avieri sardi morti a #Sutri -furono trucidati dai #nazisti nel 1943 #sardegna #guerra... http://t.co/TWxK74YVAv celebrate military_rank Aviere Sardinian dead fascist German_Nazi action war conflict idea subject	7	7	1	133	20	5	0
403817577325297664	RT @CriticoCinema: #FF  FATTE GIRARE! RISPETTO  #SARDEGNA #ALLUVIONE2013 #ALLERTAMETEOSAR CHIUNQUE VEDA QUESTO POST #RT #LUTTONAZIONALE htt‚Ä¶ category kind attitude respect behavior religious_text Veda human_body	14	5	0	142	16	6	1
204047424422023171	#terremoto. Ma il collegamento su Rai news da Bologna era finto, ch√© durante quest'ultima non ha fatto un frizzo? geological_phenomenon earthquake geophysics energy natural_disaster geology phenomenon oscillation astronomy 2010_Haiti_earthquake geography link hyperlink address company RAI joint-stock_company state_or_federal_territory_of_Malaysia television_station Rai_News metropolis Bologna comune College_town City turn get remark wisecrack	5	3	1	114	20	1	0
402896797573873664	RT @nnsocmmichiamo: La vittima pi√π piccola dell'alluvione dell mia Sardegna,morto non il suo pap√†.I ritardi dell'allerta son stati fatali h‚Ä¶ unfortunate victim more little sediment alluvion Legal_term soil weaken fade timing tardiness preparation alert republic United_States North_American_country nation country permanent_member_of_the_United_Nations_Security_Council constitutional_republic fatal	6	3	0	144	24	0	1
207477249417551874	Parmigiano solidale #terremoto http://t.co/vz8FsWxD cheese Parmesan supportive geological_phenomenon earthquake geophysics energy natural_disaster geology phenomenon oscillation astronomy 2010_Haiti_earthquake geography	0	3	0	51	7	1	0
403103127961755649	Papa: Non possiamo non ricordare le vittime della recente alluvione in Sardegna. Preghiamo per loro! spiritual_leader pope Catholic human profession leader terminology bishop be_able_to commemorate unfortunate victim recent sediment alluvion Legal_term soil island Sardinia autonomous_region_with_special_statute Italian_region	5	2	1	100	15	0	1
402911922255044608	@nellina99 seeeee quella sta a penz√† (pensare) alla rivoluzione liberale da 20 anni... #sardegna in lista di attesa!#lorenzin #BALLARO be think revolution American_Revolution war_of_national_liberation war liberal period year unit_of_time time_standard data_processing list_(abstract_data_type) object_aggregation abstract_data_type	6	4	2	135	20	2	0
402759564140879872	Alluvione Sardegna: molte strade chiuse - Cronaca http://t.co/8pjR3aQIay sediment alluvion Legal_term soil island Sardinia autonomous_region_with_special_statute Italian_region way road highway state_highway constructed_structure closed history Nuova_Cronica	5	0	0	72	10	0	1
203843778409283584	RT @andmarini: #Modena Strage di Brindisi, alle 18 presidio al Sacrario. A mezzanotte minuto di silenzio al... http://t.co/boE09BWv @gaz ... murder massacre killing Violent_crime fort presidio church piscina liquid architecture hour midnight time sun hour day orbit_period unit_of_time minute unit sound_property silence acoustic_wave language	10	3	0	140	22	1	0
402783069041860608	Sei meravigliosa perch√® sei la Mamma di un popolo stupendo che quanto ad umilt√†, generosit√† e forza di volont√† non ha eguali.  #Sardegna. digit 6 perfect_number Triangular_number automorphic_number composite_number instrumentation integer beautiful are mother mammy group people social_group surprise amaze trait humility Quality_(business) kindness generosity virtue Habituation physical_phenomenon force physical_quantity philosophy will_(philosophy) legal_instrument testament rock_band heavy_metal identical island Sardinia autonomous_region_with_special_statute Italian_region	8	4	0	141	23	1	1
403172061373550592	RT @rinaldosidoli: La giunta #Cappellacci ha approvato un documento che apre la strada a nuove colate di cemento in #Sardegna. Piangere, no‚Ä¶ clique junta governance soil overburden material clear approve piece_of_writing document medium innovate pioneer way road highway state_highway constructed_structure new solid_body_substance cementum tooth tissue substance material therapy chemical_substance island Sardinia autonomous_region_with_special_statute Italian_region utterance cry	10	2	1	142	22	2	0
204290316600213506	#terremoto http://t.co/CPenz4yK geological_phenomenon earthquake geophysics energy natural_disaster geology phenomenon oscillation astronomy 2010_Haiti_earthquake geography	0	2	0	31	5	1	0
404380264207749120	RT @GiulianaSgrena: #Tav un asse strategico ha detto #Letta, la scelta strategica dovrebbe essere la riconversione ecologica, vedi #Sardegna shaft axle driveshaft strategic referred_to_as action choice concept strategic be owe ecologic perceive see	7	6	0	140	19	3	0
206698379764432897	#terremoto artificiale di #profitto pianura padana http://t.co/vDQvhAO9 geological_phenomenon earthquake geophysics energy natural_disaster geology phenomenon oscillation astronomy 2010_Haiti_earthquake geography economics profit_(economics) plain peneplain plain Po_Valley Geographical_feature	4	1	0	71	10	2	0
403580888560447489	RT @ilghiozzo: Forza #Sardegna sms 45500 http://t.co/QxiSLMP6gK ferry Classe_Coraggio island Sardinia autonomous_region_with_special_statute Italian_region	4	2	0	63	10	1	0
204144740701179904	RT @theRealDonJoe: erano 10 anni che non dormivo cos√¨ bene.. Non ho manco sentito il #terremoto a Milano period year unit_of_time time_standard orbit_period rest kip so better perceive hear geological_phenomenon earthquake geophysics energy natural_disaster geology phenomenon oscillation astronomy 2010_Haiti_earthquake geography	3	4	1	105	18	1	0
403516904478093312	Stop con legge costituzionale ogni genere di  condono! Basta abusivismo #Sardegna #Sardegna #allertameteoSAR #condono #Letta #renzirisponde album Stop_(Plain_White_T's_album) concept natural_law law Sources_of_law Legge_costituzionale constitutional kind ilk exempt forgive island Sardinia autonomous_region_with_special_statute Italian_region island Sardinia autonomous_region_with_special_statute Italian_region exempt forgive	8	7	0	139	16	6	0
208240197538807808	#RimborsiElettoraliAiPartiti ai terremotati ora! Firma @Avaaz prima del voto in Senato! #terremoto http://t.co/RfKEHGIh language sign_language Zeichensprache phylum body_language choice ballot group_event legislature senate assembly geological_phenomenon earthquake geophysics energy natural_disaster geology phenomenon oscillation astronomy 2010_Haiti_earthquake geography	3	5	0	119	16	2	1
403056529265668096	RT @lanuovasardegna: #Buongiorno questa √® la #primapagina della #NuovaSardegna oggi in #edicola  #sardegna http://t.co/QV6knXWq59 http://t.‚Ä¶ greeting good_morning farewell today stall newsstand application	6	6	1	143	18	5	0
402854254760984576	RT @SkydAnc3R: RT Post impopolare e senza cuore http://t.co/hoxpEW8yK3 #sardegna unpopular feeling affection knowledge Greek_words_for_love state_or_territory_of_India symbol	4	1	0	80	13	1	0
204039702746116096	RT @kekkoz: Record di ascolti per la lezione su Estimo e Teorie della Valutazione che stanno dando su Raidue. #terremoto evidence record Scientific_evidence obey heed pedagogy lecture term presentation knowledge Adaptive_expertise market_price criminal_procedure law concept hypothesis claim explanation judgment evaluation hold_out stand communicate give geological_phenomenon earthquake geophysics energy natural_disaster geology phenomenon oscillation astronomy 2010_Haiti_earthquake geography	8	3	1	120	20	1	0
403187827774881792	RT @AlienaKent: @JustElisabetta la #CRI ha attivato SMS solidale 45500. #Sardegna Per le donazioni entrate nel SITO UFFICIALE http://t.co/g‚Ä¶ start SMS SMS Short_Message_Service island Sardinia autonomous_region_with_special_statute Italian_region gift donation entryway door computer website web_page Interactive_media digital_media structure military_personnel officer official military_rank Member_of_parliament	9	4	0	142	22	2	1
204037731389669376	@Selenelios #umorismomacabroscadente #terremoto io ho sgridato il cane che dorme sotto il letto.. geological_phenomenon earthquake geophysics energy natural_disaster geology phenomenon oscillation astronomy 2010_Haiti_earthquake geography criticize chide domesticated_animal dog Canis canid mammal fauna Canidae gray_wolf Brazil taxon Trinomial_nomenclature rest kip furniture bed bedroom_furniture	3	4	2	97	13	2	0
