248697979958095872	RT @sismos_dot_cl: 116 km al NO de Quillagua http://t.co/6VjU56IE #Terremoto #Temblor  #sismos #chile #sismo Earthquake http://dbpedia.org/resource/Category:Geological_hazards http://dbpedia.org/resource/Category:Earthquakes http://dbpedia.org/resource/Category:Seismology http://dbpedia.org/resource/Earthquake http://dbpedia.org/resource/Earthquake http://dbpedia.org/resource/Category:Member_states_of_the_United_Nations http://dbpedia.org/ontology/Place http://dbpedia.org/ontology/Location http://dbpedia.org/resource/Category:G15_nations http://dbpedia.org/resource/Category:States_and_territories_established_in_1818 http://dbpedia.org/resource/Category:Republics http://dbpedia.org/resource/Category:Countries_in_South_America http://dbpedia.org/resource/Category:1818_establishments_in_South_America http://dbpedia.org/resource/Category:Spanish-speaking_countries_and_territories http://dbpedia.org/resource/Category:Former_Spanish_colonies http://dbpedia.org/ontology/MusicalArtist http://dbpedia.org/resource/Category:Chile http://schema.org/Place http://dbpedia.org/resource/Category:Liberal_democracies http://dbpedia.org/resource/Category:Member_states_of_the_Union_of_South_American_Nations http://dbpedia.org/ontology/Country http://dbpedia.org/resource/Chile Chile http://dbpedia.org/ontology/PopulatedPlace http://schema.org/Country http://dbpedia.org/resource/Chile Earthquake http://dbpedia.org/resource/Category:Geological_hazards http://dbpedia.org/resource/Category:Earthquakes http://dbpedia.org/resource/Category:Seismology http://dbpedia.org/resource/Earthquake http://dbpedia.org/resource/Earthquake	12	1	0	108	17	5	0
297457678286999552	A bicha velha do @eduardohomem41 tem um caso amoroso com o Eduardo Paes e será processada pelo @DeputadoFederal #Calúnia #SantaMaria http://dbpedia.org/resource/Category:Words_coined_in_the_1920s http://dbpedia.org/resource/Gay http://dbpedia.org/resource/Category:LGBT_terminology http://dbpedia.org/resource/Category:LGBT http://dbpedia.org/resource/Category:Reclaimed_words http://dbpedia.org/resource/Category:Same-sex_sexuality Gay http://dbpedia.org/resource/Category:Sexual_orientation http://dbpedia.org/resource/Gay http://dbpedia.org/ontology/Agent http://dbpedia.org/resource/Category:1969_births http://dbpedia.org/resource/Eduardo_Paes http://schema.org/Person http://dbpedia.org/ontology/Politician Eduardo_Paes http://dbpedia.org/ontology/Person http://dbpedia.org/resource/Category:Living_people http://dbpedia.org/resource/Category:People_from_Rio_de_Janeiro_(city) http://dbpedia.org/resource/Category:Mayors_of_Rio_de_Janeiro_(city) http://dbpedia.org/resource/Eduardo_Paes http://dbpedia.org/resource/Category:Stalking http://dbpedia.org/resource/Category:Abuse http://dbpedia.org/resource/Category:Workplace_bullying http://dbpedia.org/resource/Category:Abuse_of_the_legal_system http://dbpedia.org/resource/Category:Bullying False_accusation http://dbpedia.org/resource/False_accusation http://dbpedia.org/resource/False_accusation	10	2	0	134	21	2	0
295526562038702080	RT @MeusPensadores: Ajudem os acidentados de Santa Maria doando sangue! → Av. Pres. Vargas, 2291 - Santa Maria - RS, 97015-513 #SantaMaria http://dbpedia.org/resource/Category:Religious_terminology http://dbpedia.org/resource/Saint http://dbpedia.org/resource/Category:Saints http://dbpedia.org/resource/Category:Titles_and_occupations_in_Hinduism http://dbpedia.org/ontology/Person http://dbpedia.org/resource/Category:Sainthood Saint http://dbpedia.org/resource/Saint http://dbpedia.org/resource/Category:Genetics http://dbpedia.org/resource/Heredity Heredity http://dbpedia.org/resource/Heredity Av http://dbpedia.org/ontology/Holiday http://dbpedia.org/resource/Av http://dbpedia.org/resource/Category:Months_of_the_Hebrew_calendar http://dbpedia.org/resource/Category:Av http://dbpedia.org/resource/Av http://dbpedia.org/resource/Category:Religious_terminology http://dbpedia.org/resource/Saint http://dbpedia.org/resource/Category:Saints http://dbpedia.org/resource/Category:Titles_and_occupations_in_Hinduism http://dbpedia.org/ontology/Person http://dbpedia.org/resource/Category:Sainthood Saint http://dbpedia.org/resource/Saint http://dbpedia.org/resource/Category:Currencies_of_the_British_Empire http://dbpedia.org/resource/Category:Currencies_of_the_Commonwealth_of_Nations Indian_rupee http://dbpedia.org/resource/Category:Currencies_of_Asia http://dbpedia.org/resource/Indian_rupee http://dbpedia.org/resource/Category:Currencies_of_India http://dbpedia.org/resource/Category:Currencies_of_Zimbabwe http://dbpedia.org/ontology/Currency http://dbpedia.org/resource/Indian_rupee	9	3	1	140	20	1	1
295526293594861568	Não perca só hoje no #BigFollow, ganhe mais pessoas do que segue!  #SantaMaria: -bigfollow.net http://dbpedia.org/resource/Individual Individual http://dbpedia.org/resource/Category:Personhood http://dbpedia.org/ontology/Person http://dbpedia.org/resource/Category:Self http://dbpedia.org/resource/Category:Individualism http://dbpedia.org/resource/Individual	5	3	1	96	16	2	0
325458499486244865	Irmãos Tsarnaev: os suspeitos de um atentado cercado de dúvidas: Boston (EUA), 19 abr (EFE).- Os irmãos Tamerl... http://t.co/MylYIsO3v2 http://dbpedia.org/resource/Category:Sibling Sibling http://dbpedia.org/resource/Sibling http://dbpedia.org/resource/Category:Kinship_and_descent http://dbpedia.org/resource/Category:Family http://dbpedia.org/resource/Sibling http://dbpedia.org/resource/Suspect http://dbpedia.org/resource/Category:Criminal_law Suspect http://dbpedia.org/ontology/Person http://dbpedia.org/resource/Category:Criminals_by_status http://dbpedia.org/resource/Category:Law_enforcement_terminology http://dbpedia.org/resource/Suspect http://dbpedia.org/resource/Attempt Attempt http://dbpedia.org/resource/Category:Elements_of_crime http://dbpedia.org/resource/Category:Inchoate_offenses http://dbpedia.org/resource/Attempt http://dbpedia.org/resource/Category:Doubt http://dbpedia.org/resource/Category:Emotions http://dbpedia.org/resource/Category:Epistemology http://dbpedia.org/resource/Doubt Doubt http://dbpedia.org/resource/Category:Skepticism http://dbpedia.org/resource/Doubt http://dbpedia.org/resource/Category:Member_states_of_the_United_Nations http://dbpedia.org/ontology/Place http://dbpedia.org/ontology/Location http://dbpedia.org/resource/Category:G20_nations http://dbpedia.org/resource/Category:Republics http://dbpedia.org/resource/Category:United_States http://dbpedia.org/resource/Category:Former_confederations http://dbpedia.org/resource/Category:English-speaking_countries_and_territories http://dbpedia.org/resource/Category:Countries_in_North_America http://dbpedia.org/resource/United_States http://dbpedia.org/resource/Category:Member_states_of_NATO http://dbpedia.org/resource/Category:1776_establishments_in_the_United_States http://schema.org/Place http://dbpedia.org/resource/Category:Federal_constitutional_republics http://dbpedia.org/ontology/Person http://dbpedia.org/resource/Category:Liberal_democracies http://dbpedia.org/resource/Category:Superpowers http://dbpedia.org/ontology/Country http://dbpedia.org/resource/Category:G7_nations United_States http://dbpedia.org/ontology/PopulatedPlace http://dbpedia.org/resource/Category:States_and_territories_established_in_1776 http://dbpedia.org/resource/Category:G8_nations http://schema.org/Country http://dbpedia.org/resource/United_States http://dbpedia.org/resource/Category:Rugby_union_in_Brazil http://dbpedia.org/resource/Brazilian_Rugby_Confederation http://dbpedia.org/ontology/Organisation Brazilian_Rugby_Confederation http://dbpedia.org/resource/Category:Rugby_union_governing_bodies_in_South_America http://dbpedia.org/resource/Category:Sports_organisations_established_in_1972 http://dbpedia.org/resource/Category:Sports_governing_bodies_in_Brazil http://dbpedia.org/resource/Brazilian_Rugby_Confederation Ef http://dbpedia.org/resource/Ef http://dbpedia.org/resource/Efé_people http://dbpedia.org/resource/Category:Sibling Sibling http://dbpedia.org/resource/Sibling http://dbpedia.org/resource/Category:Kinship_and_descent http://dbpedia.org/resource/Category:Family http://dbpedia.org/resource/Sibling	10	1	0	139	25	0	0
296839957983657985	aquele incêndio da boate kiss la, me lembrou o filme a garota infernal D: http://dbpedia.org/resource/Category:Santa_Maria,_Rio_Grande_do_Sul http://dbpedia.org/resource/Category:2013_disasters_in_Brazil Kiss_nightclub_fire http://dbpedia.org/resource/Category:Fires_in_Brazil http://dbpedia.org/resource/Category:Nightclub_fires_started_by_pyrotechnics http://dbpedia.org/resource/Kiss_nightclub_fire http://dbpedia.org/resource/Category:Fire_disasters_involving_barricaded_escape_routes http://dbpedia.org/resource/Category:2013_fires http://dbpedia.org/resource/Category:Human_stampedes_in_2013 http://dbpedia.org/resource/Category:Accidental_deaths_in_Brazil http://dbpedia.org/resource/Kiss_nightclub_fire http://dbpedia.org/resource/Category:Nightclubs http://dbpedia.org/ontology/Building http://dbpedia.org/resource/Category:Dance_venues http://dbpedia.org/resource/Nightclub http://dbpedia.org/resource/Category:Types_of_drinking_establishment Nightclub http://dbpedia.org/resource/Nightclub http://dbpedia.org/resource/Category:Santa_Maria,_Rio_Grande_do_Sul http://dbpedia.org/resource/Category:2013_disasters_in_Brazil Kiss_nightclub_fire http://dbpedia.org/resource/Category:Fires_in_Brazil http://dbpedia.org/resource/Category:Nightclub_fires_started_by_pyrotechnics http://dbpedia.org/resource/Kiss_nightclub_fire http://dbpedia.org/resource/Category:Fire_disasters_involving_barricaded_escape_routes http://dbpedia.org/resource/Category:2013_fires http://dbpedia.org/resource/Category:Human_stampedes_in_2013 http://dbpedia.org/resource/Category:Accidental_deaths_in_Brazil http://dbpedia.org/resource/Kiss_nightclub_fire http://dbpedia.org/resource/Film http://dbpedia.org/resource/Category:French_inventions http://dbpedia.org/resource/Category:Media_formats Film http://dbpedia.org/resource/Category:Entertainment http://dbpedia.org/ontology/TelevisionShow http://dbpedia.org/resource/Category:Film http://dbpedia.org/resource/Category:Articles_containing_video_clips http://dbpedia.org/resource/Category:Art_media http://dbpedia.org/resource/Category:Storytelling http://dbpedia.org/resource/Film http://dbpedia.org/resource/Category:Films_shot_in_Vancouver http://dbpedia.org/resource/Category:Films_set_in_Minnesota http://dbpedia.org/resource/Category:American_comedy_horror_films United http://dbpedia.org/resource/Category:American_films http://dbpedia.org/resource/Category:Demons_in_film http://dbpedia.org/resource/Category:Dune_Entertainment_films http://dbpedia.org/resource/Category:Films_produced_by_Mason_Novick States^^http://www.w3.org/1999/02/22-rdf-syntax-ns#langString http://dbpedia.org/resource/Category:2000s_comedy_horror_films http://dbpedia.org/resource/Category:American_satirical_films http://dbpedia.org/resource/Category:2000s_fantasy_films http://dbpedia.org/resource/Jennifer's_Body http://dbpedia.org/resource/Category:American_black_comedy_films Jennifer's_Body http://dbpedia.org/resource/Category:Supernatural_horror_films http://dbpedia.org/resource/Category:Cheerleading_films http://dbpedia.org/resource/Category:American_fantasy_films http://dbpedia.org/resource/Category:American_teen_horror_films http://dbpedia.org/resource/Category:Female_buddy_films http://dbpedia.org/resource/Category:American_LGBT-related_films http://dbpedia.org/resource/Category:English-language_films http://dbpedia.org/resource/Category:20th_Century_Fox_films http://dbpedia.org/resource/Category:Bisexuality-related_films http://dbpedia.org/resource/Category:Feminist_films http://dbpedia.org/resource/Category:2000s_teen_comedy_films http://dbpedia.org/ontology/Film http://dbpedia.org/ontology/Wikidata:Q11424 http://schema.org/CreativeWork http://dbpedia.org/resource/Category:Films_directed_by_Karyn_Kusama http://dbpedia.org/resource/Category:2009_horror_films http://dbpedia.org/resource/Category:Films_produced_by_Jason_Reitman http://dbpedia.org/resource/Category:2000s_teen_horror_films http://dbpedia.org/resource/Category:American_teen_comedy_films http://dbpedia.org/resource/Category:American_high_school_films http://dbpedia.org/resource/Category:American_buddy_films http://dbpedia.org/resource/Category:Screenplays_by_Diablo_Cody http://dbpedia.org/resource/Category:Teen_LGBT-related_films http://dbpedia.org/ontology/Work http://schema.org/Movie http://dbpedia.org/resource/Category:2000s_LGBT-related_films http://dbpedia.org/resource/Category:LGBT-related_horror_films http://dbpedia.org/resource/Category:2009_films http://dbpedia.org/resource/Jennifer's_Body	6	1	2	74	15	0	1
295526532674383872	#BigFollow só hoje: ganhe mais pessoas do que segue!  #SantaMaria: -bigfollow.net http://dbpedia.org/resource/Individual Individual http://dbpedia.org/resource/Category:Personhood http://dbpedia.org/ontology/Person http://dbpedia.org/resource/Category:Self http://dbpedia.org/resource/Category:Individualism http://dbpedia.org/resource/Individual	4	3	0	82	12	2	0
295577199837343744	RT @tiranofabiorex: [ENEM 2013] O que conduz calor melhor que o ferro? a)cobre b)madeira c)Boate Kiss http://dbpedia.org/resource/Exame_Nacional_do_Ensino_M http://dbpedia.org/resource/Exame_Nacional_do_Ensino_Médio Heat http://dbpedia.org/resource/Category:Thermodynamics http://dbpedia.org/resource/Heat http://dbpedia.org/ontology/Company http://dbpedia.org/resource/Category:Heat_transfer http://dbpedia.org/resource/Category:Concepts_in_physics http://dbpedia.org/resource/Heat http://dbpedia.org/resource/Ferrous Ferrous http://dbpedia.org/resource/Category:Iron http://dbpedia.org/resource/Ferrous http://dbpedia.org/resource/Category:Electrical_conductors http://dbpedia.org/resource/Category:Copper http://dbpedia.org/resource/Category:Chemical_elements http://dbpedia.org/resource/Category:Cubic_minerals http://dbpedia.org/resource/Category:Native_element_minerals http://dbpedia.org/resource/Category:Transition_metals http://dbpedia.org/ontology/MilitaryUnit http://dbpedia.org/resource/Category:Symbols_of_Utah Copper http://dbpedia.org/resource/Category:Dietary_minerals http://dbpedia.org/resource/Copper http://dbpedia.org/resource/Category:Biology_and_pharmacology_of_chemical_elements http://dbpedia.org/resource/Copper http://dbpedia.org/resource/Category:Materials Wood http://dbpedia.org/resource/Category:Botany http://dbpedia.org/resource/Wood http://dbpedia.org/resource/Category:Wood_products http://dbpedia.org/resource/Category:Wood http://dbpedia.org/resource/Category:Natural_materials http://dbpedia.org/resource/Category:Building_materials http://dbpedia.org/resource/Category:Energy_crops http://dbpedia.org/resource/Category:Biodegradable_materials http://dbpedia.org/resource/Category:Forest_products http://dbpedia.org/resource/Category:Art_materials http://dbpedia.org/resource/Category:Trees http://dbpedia.org/resource/Category:Natural_resources http://dbpedia.org/ontology/AnatomicalStructure http://dbpedia.org/resource/Category:Forestry http://dbpedia.org/resource/Category:Plant_anatomy http://dbpedia.org/resource/Category:Woodworking http://dbpedia.org/resource/Category:Woodworking_materials http://dbpedia.org/resource/Wood http://dbpedia.org/resource/Category:Nightclubs http://dbpedia.org/ontology/Building http://dbpedia.org/resource/Category:Dance_venues http://dbpedia.org/resource/Nightclub http://dbpedia.org/resource/Category:Types_of_drinking_establishment Nightclub http://dbpedia.org/resource/Nightclub http://dbpedia.org/resource/Category:Santa_Maria,_Rio_Grande_do_Sul http://dbpedia.org/resource/Category:2013_disasters_in_Brazil Kiss_nightclub_fire http://dbpedia.org/resource/Category:Fires_in_Brazil http://dbpedia.org/resource/Category:Nightclub_fires_started_by_pyrotechnics http://dbpedia.org/resource/Kiss_nightclub_fire http://dbpedia.org/resource/Category:Fire_disasters_involving_barricaded_escape_routes http://dbpedia.org/resource/Category:2013_fires http://dbpedia.org/resource/Category:Human_stampedes_in_2013 http://dbpedia.org/resource/Category:Accidental_deaths_in_Brazil http://dbpedia.org/resource/Kiss_nightclub_fire	7	2	1	101	19	0	0
323916702704365568	#prayforboston estou chocada não sabia que era tão grave 	2	3	0	58	11	1	0
295584762196799490	Seguidores Reais? Eu ganho no #addseguidores! Esse site arrebenta 27/01 visita lá http://t.co/OJ6zQpZP #SantaMaria http://dbpedia.org/resource/Brazilian_real http://dbpedia.org/resource/Category:Circulating_currencies http://dbpedia.org/resource/Category:Currencies_of_Brazil http://dbpedia.org/resource/Category:1994_introductions Brazilian_real http://dbpedia.org/ontology/Currency http://dbpedia.org/resource/Brazilian_real http://dbpedia.org/resource/Gain Gain http://dbpedia.org/resource/Gain Grothendieck_topology http://dbpedia.org/ontology/Building http://dbpedia.org/resource/Category:Sheaf_theory http://dbpedia.org/resource/Category:Topos_theory http://dbpedia.org/resource/Grothendieck_topology http://dbpedia.org/resource/Grothendieck_topology	6	3	2	115	18	2	0
243371700425728000	RT @rcavada: RT @Telenoticiasrd: Terremoto de 7,6 sacude #CostaRica - Telenoticias http://t.co/9ZS1mfsa	9	1	0	103	15	1	1
248585572602503169	51 km al S de Huasco http://t.co/kOOzRjLs #Terremoto #Temblor  #sismos #chile #sismo http://dbpedia.org/ontology/Organisation http://dbpedia.org/resource/Kilometre http://dbpedia.org/resource/Category:Orders_of_magnitude_(length) Kilometre http://dbpedia.org/resource/Category:1000_(number) http://dbpedia.org/resource/Category:Units_of_length http://dbpedia.org/resource/Kilometre Earthquake http://dbpedia.org/resource/Category:Geological_hazards http://dbpedia.org/resource/Category:Earthquakes http://dbpedia.org/resource/Category:Seismology http://dbpedia.org/resource/Earthquake http://dbpedia.org/resource/Earthquake http://dbpedia.org/resource/Category:Member_states_of_the_United_Nations http://dbpedia.org/ontology/Place http://dbpedia.org/ontology/Location http://dbpedia.org/resource/Category:G15_nations http://dbpedia.org/resource/Category:States_and_territories_established_in_1818 http://dbpedia.org/resource/Category:Republics http://dbpedia.org/resource/Category:Countries_in_South_America http://dbpedia.org/resource/Category:1818_establishments_in_South_America http://dbpedia.org/resource/Category:Spanish-speaking_countries_and_territories http://dbpedia.org/resource/Category:Former_Spanish_colonies http://dbpedia.org/ontology/MusicalArtist http://dbpedia.org/resource/Category:Chile http://schema.org/Place http://dbpedia.org/resource/Category:Liberal_democracies http://dbpedia.org/resource/Category:Member_states_of_the_Union_of_South_American_Nations http://dbpedia.org/ontology/Country http://dbpedia.org/resource/Chile Chile http://dbpedia.org/ontology/PopulatedPlace http://schema.org/Country http://dbpedia.org/resource/Chile Earthquake http://dbpedia.org/resource/Category:Geological_hazards http://dbpedia.org/resource/Category:Earthquakes http://dbpedia.org/resource/Category:Seismology http://dbpedia.org/resource/Earthquake http://dbpedia.org/resource/Earthquake	10	1	0	84	15	5	1
295912328942219265	Graças a Deus diminuiu o numero de mortes em #SantaMaria 231 agora, mas ainda é muito triste =/ http://dbpedia.org/resource/Category:Mathematical_objects Number http://dbpedia.org/resource/Category:Group_theory http://dbpedia.org/resource/Number http://dbpedia.org/resource/Category:Numbers http://dbpedia.org/resource/Number http://dbpedia.org/resource/Category:Death Death http://dbpedia.org/resource/Death http://dbpedia.org/resource/Category:Senescence http://dbpedia.org/resource/Category:Demography http://dbpedia.org/resource/Death http://dbpedia.org/ontology/Disease http://dbpedia.org/resource/Category:Grief http://dbpedia.org/resource/Category:Personal_life http://dbpedia.org/resource/Category:Emotions http://dbpedia.org/resource/Sadness Sadness http://dbpedia.org/resource/Sadness	8	2	0	97	17	1	1
295537890820247552	RT @BandaArmandinho: Estou perplexo e abalado com o incêndio na boate Kiss. Meus sentimentos aos familiares.  Estou muito triste. http://dbpedia.org/resource/Category:Santa_Maria,_Rio_Grande_do_Sul http://dbpedia.org/resource/Category:2013_disasters_in_Brazil Kiss_nightclub_fire http://dbpedia.org/resource/Category:Fires_in_Brazil http://dbpedia.org/resource/Category:Nightclub_fires_started_by_pyrotechnics http://dbpedia.org/resource/Kiss_nightclub_fire http://dbpedia.org/resource/Category:Fire_disasters_involving_barricaded_escape_routes http://dbpedia.org/resource/Category:2013_fires http://dbpedia.org/resource/Category:Human_stampedes_in_2013 http://dbpedia.org/resource/Category:Accidental_deaths_in_Brazil http://dbpedia.org/resource/Kiss_nightclub_fire http://dbpedia.org/resource/Category:Nightclubs http://dbpedia.org/ontology/Building http://dbpedia.org/resource/Category:Dance_venues http://dbpedia.org/resource/Nightclub http://dbpedia.org/resource/Category:Types_of_drinking_establishment Nightclub http://dbpedia.org/resource/Nightclub http://dbpedia.org/resource/Category:Santa_Maria,_Rio_Grande_do_Sul http://dbpedia.org/resource/Category:2013_disasters_in_Brazil Kiss_nightclub_fire http://dbpedia.org/resource/Category:Fires_in_Brazil http://dbpedia.org/resource/Category:Nightclub_fires_started_by_pyrotechnics http://dbpedia.org/resource/Kiss_nightclub_fire http://dbpedia.org/resource/Category:Fire_disasters_involving_barricaded_escape_routes http://dbpedia.org/resource/Category:2013_fires http://dbpedia.org/resource/Category:Human_stampedes_in_2013 http://dbpedia.org/resource/Category:Accidental_deaths_in_Brazil http://dbpedia.org/resource/Kiss_nightclub_fire Feeling http://dbpedia.org/resource/Category:Feeling http://dbpedia.org/resource/Category:Qualia http://dbpedia.org/resource/Feeling http://dbpedia.org/resource/Feeling http://dbpedia.org/resource/Category:English_legendary_creatures http://dbpedia.org/resource/Category:Witchcraft http://dbpedia.org/resource/Category:Deal_with_the_Devil http://dbpedia.org/resource/Category:Fantasy_tropes http://dbpedia.org/resource/Familiar_spirit Familiar_spirit http://dbpedia.org/resource/Category:Supernatural_legends http://dbpedia.org/resource/Familiar_spirit	6	4	0	130	20	0	1
266282909848182784	Gente, o temblor da Guatemala e México foi forte? Chegando agora http://dbpedia.org/resource/Category:1994_songs http://dbpedia.org/ontology/MusicalWork http://dbpedia.org/resource/Category:Spanish-language_songs http://dbpedia.org/resource/Category:Songs_written_by_Cheope http://dbpedia.org/resource/Category:Laura_Pausini_songs Gente http://dbpedia.org/ontology/Single http://dbpedia.org/resource/Category:Italian-language_songs http://dbpedia.org/resource/Gente http://dbpedia.org/ontology/Work http://schema.org/CreativeWork http://dbpedia.org/resource/Gente	4	2	0	65	12	0	1
302446513517379584	Medo dessas imagens. Meteor Explosion Over Russia Injures Nearly 1,000 http://t.co/JhkAl6SB via @mashable Fear http://dbpedia.org/resource/Category:Fear http://dbpedia.org/resource/Fear http://dbpedia.org/resource/Category:Emotions http://dbpedia.org/resource/Fear http://dbpedia.org/resource/Painting http://dbpedia.org/ontology/Company http://dbpedia.org/resource/Category:Painting_techniques Painting http://dbpedia.org/resource/Category:Painting http://dbpedia.org/resource/Painting http://dbpedia.org/resource/Meteor_(TV_miniseries) Meteor_(TV_miniseries) http://dbpedia.org/resource/Meteor_(TV_miniseries)	11	0	0	105	17	0	1
295573454357405697	Celso Portiolli pegou a Bruna para ser a Rainha da Desgraça ? É isso mesmo #Produção ????? #DomingoLegal #SantaMaria Br http://dbpedia.org/resource/Br http://dbpedia.org/resource/Brüno_Gehard Queen_bee http://dbpedia.org/resource/Category:Bees http://dbpedia.org/resource/Category:Insect_reproduction http://dbpedia.org/resource/Queen_bee http://dbpedia.org/resource/Category:Beekeeping http://dbpedia.org/resource/Queen_bee http://dbpedia.org/resource/Film http://dbpedia.org/resource/Category:French_inventions http://dbpedia.org/resource/Category:Media_formats Film http://dbpedia.org/resource/Category:Entertainment http://dbpedia.org/ontology/TelevisionShow http://dbpedia.org/resource/Category:Film http://dbpedia.org/resource/Category:Articles_containing_video_clips http://dbpedia.org/resource/Category:Art_media http://dbpedia.org/resource/Category:Storytelling http://dbpedia.org/resource/Film	9	3	1	120	18	3	0
295694179001040897	Pagina 27 de 365 dia 27 ta marcado cara '-' #SantaMaria 	4	2	1	55	10	1	0
295572124750462976	RT @FletcherGalaxy: #prayforbrazil eu to impressionada, as gringas que nos odiavam, estão mandando forças To_(kana) http://dbpedia.org/resource/Category:Specific_kana http://dbpedia.org/resource/To_(kana) http://dbpedia.org/resource/To_(kana) http://dbpedia.org/resource/Category:Social_conflict Violence http://dbpedia.org/resource/Violence http://dbpedia.org/resource/Category:Dispute_resolution http://dbpedia.org/resource/Category:Ethics http://dbpedia.org/resource/Category:Violence http://dbpedia.org/resource/Category:Human_behavior http://dbpedia.org/resource/Category:Crime http://dbpedia.org/resource/Violence	6	4	3	107	16	1	1
268229540847943680	RT @wikisismos: AHORA - #Sismo de M 5.1, 132km S of Masset, Canada http://t.co/r5Wva20j #jishin #quake Earthquake http://dbpedia.org/resource/Category:Geological_hazards http://dbpedia.org/resource/Category:Earthquakes http://dbpedia.org/resource/Category:Seismology http://dbpedia.org/resource/Earthquake http://dbpedia.org/resource/Earthquake http://dbpedia.org/resource/Category:Member_states_of_the_United_Nations http://dbpedia.org/ontology/Place http://dbpedia.org/ontology/Location http://dbpedia.org/resource/Category:G20_nations http://dbpedia.org/resource/Category:French-speaking_countries_and_territories http://dbpedia.org/resource/Canada http://dbpedia.org/resource/Category:Member_states_of_the_Commonwealth_of_Nations http://dbpedia.org/resource/Category:1867_establishments_in_Canada Canada http://dbpedia.org/resource/Category:English-speaking_countries_and_territories http://dbpedia.org/resource/Category:Countries_in_North_America http://dbpedia.org/ontology/MusicalArtist http://dbpedia.org/resource/Category:Member_states_of_the_Organisation_internationale_de_la_Francophonie http://dbpedia.org/resource/Category:Member_states_of_NATO http://schema.org/Place http://dbpedia.org/resource/Category:States_and_territories_established_in_1867 http://dbpedia.org/resource/Category:Liberal_democracies http://dbpedia.org/resource/Category:Canada http://dbpedia.org/ontology/Country http://dbpedia.org/resource/Category:G7_nations http://dbpedia.org/resource/Category:Federal_monarchies http://dbpedia.org/ontology/PopulatedPlace http://dbpedia.org/resource/Category:G8_nations http://schema.org/Country http://dbpedia.org/resource/Canada http://dbpedia.org/resource/Category:GP2X_games http://dbpedia.org/resource/Category:DOS_games_ported_to_Windows http://dbpedia.org/resource/Category:Nintendo_64_first-person_shooter_games http://dbpedia.org/resource/Category:Games_commercially_released_with_DOSBox http://dbpedia.org/resource/Category:DOS_games http://dbpedia.org/resource/Category:Linux_games http://dbpedia.org/resource/Category:Cancelled_PlayStation_(console)_games http://dbpedia.org/ontology/Software http://dbpedia.org/resource/Category:Science_fantasy_video_games http://dbpedia.org/resource/Category:Video_games_with_variable_translation_control Quake_(video_game) http://dbpedia.org/resource/Category:1996_video_games http://dbpedia.org/resource/Category:Mac_OS_games http://dbpedia.org/resource/Category:Commercial_video_games_with_freely_available_source_code http://dbpedia.org/resource/Quake_(video_game) http://dbpedia.org/resource/Category:Video_games_with_expansion_packs http://dbpedia.org/resource/Category:First-person_shooters http://dbpedia.org/resource/Category:Multiplayer_online_games http://dbpedia.org/resource/Category:Sega_Saturn_games http://schema.org/CreativeWork http://dbpedia.org/resource/Category:Id_Software_games http://dbpedia.org/resource/Category:Multiplayer_and_single-player_video_games http://dbpedia.org/resource/Category:Id_Tech_games http://dbpedia.org/resource/Category:Quake_(series) http://dbpedia.org/resource/Category:IRIX_games http://dbpedia.org/ontology/VideoGame http://dbpedia.org/resource/Category:MacSoft_Games http://dbpedia.org/resource/Category:GT_Interactive_Software_games http://dbpedia.org/ontology/Work http://dbpedia.org/resource/Category:Cooperative_video_games http://dbpedia.org/resource/Category:Nintendo_64_games http://dbpedia.org/resource/Quake_(video_game)	12	2	0	102	19	3	0
295575962551209986	gente a boate kiss tem pagina no facebook @santamaria http://dbpedia.org/resource/State_(polity) State_(polity) http://dbpedia.org/resource/Category:Political_geography http://dbpedia.org/resource/Category:Political_science_terminology http://dbpedia.org/ontology/Settlement http://dbpedia.org/resource/State_(polity) http://dbpedia.org/resource/Category:Nightclubs http://dbpedia.org/ontology/Building http://dbpedia.org/resource/Category:Dance_venues http://dbpedia.org/resource/Nightclub http://dbpedia.org/resource/Category:Types_of_drinking_establishment Nightclub http://dbpedia.org/resource/Nightclub http://dbpedia.org/resource/Category:Santa_Maria,_Rio_Grande_do_Sul http://dbpedia.org/resource/Category:2013_disasters_in_Brazil Kiss_nightclub_fire http://dbpedia.org/resource/Category:Fires_in_Brazil http://dbpedia.org/resource/Category:Nightclub_fires_started_by_pyrotechnics http://dbpedia.org/resource/Kiss_nightclub_fire http://dbpedia.org/resource/Category:Fire_disasters_involving_barricaded_escape_routes http://dbpedia.org/resource/Category:2013_fires http://dbpedia.org/resource/Category:Human_stampedes_in_2013 http://dbpedia.org/resource/Category:Accidental_deaths_in_Brazil http://dbpedia.org/resource/Kiss_nightclub_fire http://dbpedia.org/resource/Category:Technology_companies_established_in_2004 http://dbpedia.org/resource/Category:Companies_based_in_Menlo_Park,_California http://dbpedia.org/ontology/Organisation http://dbpedia.org/resource/Category:Products_introduced_in_2004 http://dbpedia.org/resource/Category:Social_networking_websites http://dbpedia.org/resource/Category:Websites_which_mirror_Wikipedia http://dbpedia.org/resource/Category:Android_(operating_system)_software http://dbpedia.org/resource/Category:Multilingual_websites http://dbpedia.org/resource/Category:Internet_properties_established_in_2004 http://dbpedia.org/resource/Category:Social_networking_services http://dbpedia.org/ontology/Company http://dbpedia.org/resource/Category:Tor_hidden_services http://dbpedia.org/ontology/Agent http://dbpedia.org/resource/Category:American_websites http://dbpedia.org/resource/Category:IOS_software Facebook http://dbpedia.org/resource/Category:Online_gaming_services http://dbpedia.org/resource/Category:Bada_software http://dbpedia.org/resource/Category:Internet_companies_of_the_United_States http://dbpedia.org/resource/Category:Universal_Windows_Platform_apps http://dbpedia.org/resource/Category:Student_culture http://dbpedia.org/resource/Category:Firefox_OS_software http://dbpedia.org/resource/Category:Proprietary_cross-platform_software http://dbpedia.org/resource/Facebook http://dbpedia.org/resource/Category:Multinational_companies_headquartered_in_the_United_States http://dbpedia.org/resource/Category:Photo_sharing http://dbpedia.org/resource/Category:BlackBerry_software http://schema.org/Organization http://dbpedia.org/resource/Category:Companies_in_the_PRISM_network http://dbpedia.org/resource/Category:Social_media http://dbpedia.org/resource/Category:Social_information_processing http://dbpedia.org/resource/Category:Blog_hosting_services http://dbpedia.org/resource/Category:Facebook http://dbpedia.org/resource/Category:2004_establishments_in_Massachusetts http://dbpedia.org/resource/Category:Companies_listed_on_NASDAQ http://dbpedia.org/resource/Category:Symbian_software http://dbpedia.org/resource/Facebook	5	1	1	53	9	0	0
295851373130547201	Assunto da manhã. #SantaMaria .. http://dbpedia.org/resource/Morning http://dbpedia.org/resource/Category:Time_in_astronomy Morning http://dbpedia.org/resource/Category:Morning http://dbpedia.org/ontology/Country http://dbpedia.org/resource/Category:Parts_of_a_day http://dbpedia.org/resource/Morning	4	0	0	33	4	1	0
324884488020709376	RT @novaordemmund: [EUA] Forte Explosão Atinge Fábrica de Fertilizantes em Waco no Texas http://t.co/AcGHczflsp http://dbpedia.org/resource/Category:Member_states_of_the_United_Nations http://dbpedia.org/ontology/Place http://dbpedia.org/ontology/Location http://dbpedia.org/resource/Category:G20_nations http://dbpedia.org/resource/Category:Republics http://dbpedia.org/resource/Category:United_States http://dbpedia.org/resource/Category:Former_confederations http://dbpedia.org/resource/Category:English-speaking_countries_and_territories http://dbpedia.org/resource/Category:Countries_in_North_America http://dbpedia.org/resource/United_States http://dbpedia.org/resource/Category:Member_states_of_NATO http://dbpedia.org/resource/Category:1776_establishments_in_the_United_States http://schema.org/Place http://dbpedia.org/resource/Category:Federal_constitutional_republics http://dbpedia.org/ontology/Person http://dbpedia.org/resource/Category:Liberal_democracies http://dbpedia.org/resource/Category:Superpowers http://dbpedia.org/ontology/Country http://dbpedia.org/resource/Category:G7_nations United_States http://dbpedia.org/ontology/PopulatedPlace http://dbpedia.org/resource/Category:States_and_territories_established_in_1776 http://dbpedia.org/resource/Category:G8_nations http://schema.org/Country http://dbpedia.org/resource/United_States Garrison http://dbpedia.org/resource/Category:Military_units_and_formations_by_type http://dbpedia.org/resource/Garrison http://dbpedia.org/resource/Category:Barracks http://dbpedia.org/resource/Garrison Blowout_(well_drilling) http://dbpedia.org/resource/Category:Petroleum_geology http://dbpedia.org/resource/Category:Oil_spills http://dbpedia.org/ontology/Album http://dbpedia.org/resource/Category:Oil_wells http://dbpedia.org/resource/Blowout_(well_drilling) http://dbpedia.org/resource/Blowout_(well_drilling) http://dbpedia.org/resource/Category:Production_and_manufacturing http://dbpedia.org/ontology/Place http://dbpedia.org/resource/Category:Manufacturing_buildings_and_structures Factory http://dbpedia.org/resource/Category:Industrial_buildings http://dbpedia.org/resource/Category:Manufacturing http://dbpedia.org/resource/Factory http://dbpedia.org/resource/Category:Industrial_Revolution http://dbpedia.org/resource/Factory http://dbpedia.org/resource/Fertilizer http://dbpedia.org/resource/Category:Fertilizers Fertilizer http://dbpedia.org/resource/Fertilizer	11	1	0	113	19	0	0
267760181482500097	RT @CNNMex: ÚLTIMA HORA: Un sismo de 6.2 grados Richter cimbra Guatemala  http://t.co/X157c5p3 http://dbpedia.org/resource/Standard_time Standard_time http://dbpedia.org/resource/Category:Time_scales http://dbpedia.org/ontology/Software http://dbpedia.org/resource/Standard_time Earthquake http://dbpedia.org/resource/Category:Geological_hazards http://dbpedia.org/resource/Category:Earthquakes http://dbpedia.org/resource/Category:Seismology http://dbpedia.org/resource/Earthquake http://dbpedia.org/resource/Earthquake http://dbpedia.org/resource/Category:Countries_in_Central_America http://dbpedia.org/resource/Category:Member_states_of_the_United_Nations http://dbpedia.org/resource/Guatemala http://dbpedia.org/ontology/Place http://dbpedia.org/ontology/Location http://dbpedia.org/resource/Category:Republics http://dbpedia.org/resource/Category:Guatemala http://dbpedia.org/resource/Category:Former_Spanish_colonies http://dbpedia.org/resource/Category:Spanish-speaking_countries_and_territories http://dbpedia.org/ontology/MusicalArtist http://dbpedia.org/resource/Category:1821_establishments_in_North_America Guatemala http://schema.org/Place http://dbpedia.org/ontology/Country http://dbpedia.org/ontology/PopulatedPlace http://dbpedia.org/resource/Category:States_and_territories_established_in_1821 http://schema.org/Country http://dbpedia.org/resource/Guatemala	5	3	0	95	17	0	1
295708309623803904	Que tal ganhar muitos seguidores reais ? Só hoje 28/01 #addseguidores http://t.co/uhBT2wrP #SantaMaria 	2	3	0	103	16	2	0
272572008645132288	#Sismo 4,1 . 4km al O de Valparaiso. Earthquake http://dbpedia.org/resource/Category:Geological_hazards http://dbpedia.org/resource/Category:Earthquakes http://dbpedia.org/resource/Category:Seismology http://dbpedia.org/resource/Earthquake http://dbpedia.org/resource/Earthquake http://dbpedia.org/resource/Valpara http://dbpedia.org/resource/Valparaíso	3	1	0	36	8	1	0
275790512013856769	o #pablo comeu tanto que falo que amanha só vai ir na aula no 2° período! O.o laspkoakspaksokapks http://dbpedia.org/resource/Lesson http://dbpedia.org/resource/Category:Learning http://dbpedia.org/ontology/Country Lesson http://dbpedia.org/resource/Category:Teaching http://dbpedia.org/resource/Lesson Emoticon http://dbpedia.org/resource/Category:ASCII_art http://dbpedia.org/resource/Category:Internet_memes http://dbpedia.org/resource/Emoticon http://dbpedia.org/resource/Category:Internet_slang http://dbpedia.org/resource/Category:Email http://dbpedia.org/resource/Category:Pictograms http://dbpedia.org/resource/Category:Online_chat http://dbpedia.org/resource/Category:Internet_forum_terminology http://dbpedia.org/resource/Category:Emoticons http://dbpedia.org/resource/Category:1982_introductions http://dbpedia.org/resource/Emoticon	2	5	3	100	20	1	0
298159578300940288	RT @CitouSaoPauloFC: Vou dar um ingresso pra boate kiss pra essa bandeirinha http://dbpedia.org/resource/Category:Communes_of_Indre-et-Loire http://dbpedia.org/resource/France http://dbpedia.org/ontology/Place http://dbpedia.org/ontology/Location http://schema.org/Place http://dbpedia.org/resource/Vou http://dbpedia.org/ontology/Settlement Vou http://dbpedia.org/ontology/PopulatedPlace http://dbpedia.org/resource/Vou http://dbpedia.org/resource/Category:Nightclubs http://dbpedia.org/ontology/Building http://dbpedia.org/resource/Category:Dance_venues http://dbpedia.org/resource/Nightclub http://dbpedia.org/resource/Category:Types_of_drinking_establishment Nightclub http://dbpedia.org/resource/Nightclub http://dbpedia.org/resource/Category:Santa_Maria,_Rio_Grande_do_Sul http://dbpedia.org/resource/Category:2013_disasters_in_Brazil Kiss_nightclub_fire http://dbpedia.org/resource/Category:Fires_in_Brazil http://dbpedia.org/resource/Category:Nightclub_fires_started_by_pyrotechnics http://dbpedia.org/resource/Kiss_nightclub_fire http://dbpedia.org/resource/Category:Fire_disasters_involving_barricaded_escape_routes http://dbpedia.org/resource/Category:2013_fires http://dbpedia.org/resource/Category:Human_stampedes_in_2013 http://dbpedia.org/resource/Category:Accidental_deaths_in_Brazil http://dbpedia.org/resource/Kiss_nightclub_fire http://dbpedia.org/resource/Category:Futsal_referees http://dbpedia.org/resource/Referee_(futsal) http://dbpedia.org/resource/Category:Futsal Referee_(futsal) http://dbpedia.org/resource/Referee_(futsal)	4	1	0	76	12	0	0
243470845375311872	TERREMOTO NA COSTA RICA!!! :O( NOSSAAAAAAAAAA!!! :O0 ♥ http://t.co/tzIjJ40s Earthquake http://dbpedia.org/resource/Category:Geological_hazards http://dbpedia.org/resource/Category:Earthquakes http://dbpedia.org/resource/Category:Seismology http://dbpedia.org/resource/Earthquake http://dbpedia.org/resource/Earthquake http://dbpedia.org/resource/Category:Coastal_geography http://dbpedia.org/resource/Category:Oceanographical_terminology http://dbpedia.org/resource/Coast Coast http://dbpedia.org/ontology/Place http://dbpedia.org/resource/Category:Coastal_and_oceanic_landforms http://dbpedia.org/resource/Category:Coasts http://dbpedia.org/resource/Coast	9	0	0	77	11	0	1
273316879278411776	Que grandes @emaemail27 @Ciropee #pablo http://t.co/HWwvlJWH 	2	2	0	60	9	1	0
298609207693959169	Aí, tou sabendo que uma jovem que desistiu de ir à boate Kiss no dia do acidente morreu em acidente no Estado do Paraná. #QuantoAzar ): http://dbpedia.org/resource/Minor_(law) http://dbpedia.org/resource/Category:Juvenile_law Minor_(law) http://dbpedia.org/ontology/Person http://dbpedia.org/resource/Category:Ageism http://dbpedia.org/resource/Category:Childhood http://dbpedia.org/resource/Minor_(law) http://dbpedia.org/resource/Category:Nightclubs http://dbpedia.org/ontology/Building http://dbpedia.org/resource/Category:Dance_venues http://dbpedia.org/resource/Nightclub http://dbpedia.org/resource/Category:Types_of_drinking_establishment Nightclub http://dbpedia.org/resource/Nightclub http://dbpedia.org/resource/Category:Santa_Maria,_Rio_Grande_do_Sul http://dbpedia.org/resource/Category:2013_disasters_in_Brazil Kiss_nightclub_fire http://dbpedia.org/resource/Category:Fires_in_Brazil http://dbpedia.org/resource/Category:Nightclub_fires_started_by_pyrotechnics http://dbpedia.org/resource/Kiss_nightclub_fire http://dbpedia.org/resource/Category:Fire_disasters_involving_barricaded_escape_routes http://dbpedia.org/resource/Category:2013_fires http://dbpedia.org/resource/Category:Human_stampedes_in_2013 http://dbpedia.org/resource/Category:Accidental_deaths_in_Brazil http://dbpedia.org/resource/Kiss_nightclub_fire http://dbpedia.org/resource/Category:Musical_groups_established_in_2001 http://dbpedia.org/ontology/Organisation http://dbpedia.org/resource/Category:Musical_groups_disestablished_in_2002 http://dbpedia.org/resource/Category:South_Korean_girl_groups http://dbpedia.org/resource/Kiss_(South_Korean_band) Kiss_(South_Korean_band) http://dbpedia.org/resource/Category:2002_disestablishments_in_South_Korea http://dbpedia.org/ontology/Agent http://dbpedia.org/ontology/Group http://dbpedia.org/resource/Category:K-pop_music_groups http://schema.org/Organization http://schema.org/MusicGroup http://dbpedia.org/ontology/Band http://dbpedia.org/resource/Category:2001_establishments_in_South_Korea http://dbpedia.org/resource/Kiss_(South_Korean_band) http://dbpedia.org/resource/Category:Orders_of_magnitude_(time) http://dbpedia.org/ontology/Organisation http://dbpedia.org/resource/Day Day http://dbpedia.org/resource/Category:Day http://dbpedia.org/resource/Day http://dbpedia.org/resource/Category:Risk_analysis http://dbpedia.org/resource/Category:Failure Accident http://dbpedia.org/resource/Accident http://dbpedia.org/resource/Category:Accidents http://dbpedia.org/ontology/SportsEvent http://dbpedia.org/resource/Accident http://dbpedia.org/resource/Category:Risk_analysis http://dbpedia.org/resource/Category:Failure Accident http://dbpedia.org/resource/Accident http://dbpedia.org/resource/Category:Accidents http://dbpedia.org/ontology/SportsEvent http://dbpedia.org/resource/Accident http://dbpedia.org/resource/Paran Paran http://dbpedia.org/resource/Paraná_(state)	9	5	2	138	24	1	1
295540898165555201	#BeliebersDesejamForçasASantaMaria #SantaMaria #TODOSDesejamForçasASantaMaria me expliquem o que houve 	3	5	2	104	10	3	1
295724189225209857	Dono da boate Kiss, de Santa Maria (RS), Elissandro Kiko é réu em processo por lesões corporais graves, na 4ª Vara Criminal da cidade. http://dbpedia.org/resource/Category:Property_law http://dbpedia.org/ontology/Place Private_property http://dbpedia.org/resource/Category:Property http://dbpedia.org/resource/Private_property http://dbpedia.org/resource/Category:Political_economy http://dbpedia.org/resource/Private_property http://dbpedia.org/resource/Category:Nightclubs http://dbpedia.org/ontology/Building http://dbpedia.org/resource/Category:Dance_venues http://dbpedia.org/resource/Nightclub http://dbpedia.org/resource/Category:Types_of_drinking_establishment Nightclub http://dbpedia.org/resource/Nightclub http://dbpedia.org/resource/Category:Santa_Maria,_Rio_Grande_do_Sul http://dbpedia.org/resource/Category:2013_disasters_in_Brazil Kiss_nightclub_fire http://dbpedia.org/resource/Category:Fires_in_Brazil http://dbpedia.org/resource/Category:Nightclub_fires_started_by_pyrotechnics http://dbpedia.org/resource/Kiss_nightclub_fire http://dbpedia.org/resource/Category:Fire_disasters_involving_barricaded_escape_routes http://dbpedia.org/resource/Category:2013_fires http://dbpedia.org/resource/Category:Human_stampedes_in_2013 http://dbpedia.org/resource/Category:Accidental_deaths_in_Brazil http://dbpedia.org/resource/Kiss_nightclub_fire http://dbpedia.org/resource/Category:Religious_terminology http://dbpedia.org/resource/Saint http://dbpedia.org/resource/Category:Saints http://dbpedia.org/resource/Category:Titles_and_occupations_in_Hinduism http://dbpedia.org/ontology/Person http://dbpedia.org/resource/Category:Sainthood Saint http://dbpedia.org/resource/Saint http://dbpedia.org/resource/Category:Currencies_of_the_British_Empire http://dbpedia.org/resource/Category:Currencies_of_the_Commonwealth_of_Nations Indian_rupee http://dbpedia.org/resource/Category:Currencies_of_Asia http://dbpedia.org/resource/Indian_rupee http://dbpedia.org/resource/Category:Currencies_of_India http://dbpedia.org/resource/Category:Currencies_of_Zimbabwe http://dbpedia.org/ontology/Currency http://dbpedia.org/resource/Indian_rupee http://dbpedia.org/resource/Suspect http://dbpedia.org/resource/Category:Criminal_law Suspect http://dbpedia.org/ontology/Person http://dbpedia.org/resource/Category:Criminals_by_status http://dbpedia.org/resource/Category:Law_enforcement_terminology http://dbpedia.org/resource/Suspect Procedure_(term) http://dbpedia.org/resource/Procedure_(term) http://dbpedia.org/ontology/Book http://dbpedia.org/resource/Category:Technical_communication http://dbpedia.org/resource/Procedure_(term) Harm http://dbpedia.org/resource/Harm http://dbpedia.org/resource/Category:Legal_concepts http://dbpedia.org/resource/Harm Ell_(architecture) http://dbpedia.org/resource/Category:Architecture http://dbpedia.org/resource/Ell_(architecture) http://dbpedia.org/resource/Ell_(architecture) Outlaw http://dbpedia.org/resource/Category:Criminal_law http://dbpedia.org/resource/Category:Outlaws http://dbpedia.org/resource/Category:Legal_history http://dbpedia.org/resource/Outlaw http://dbpedia.org/resource/Category:Punishments http://dbpedia.org/resource/Outlaw http://dbpedia.org/resource/Category:Types_of_populated_places Town http://dbpedia.org/resource/Town http://dbpedia.org/ontology/Settlement http://dbpedia.org/resource/Category:Towns http://dbpedia.org/resource/Category:Town http://dbpedia.org/resource/Town	13	1	0	138	25	0	1
295575375323480064	@Estadao Face do dono da boate Kiss  https://t.co/bzVPGuag http://dbpedia.org/resource/Category:Face http://dbpedia.org/resource/Category:Human_head_and_neck http://dbpedia.org/ontology/AnatomicalStructure Face http://dbpedia.org/resource/Face http://dbpedia.org/resource/Face http://dbpedia.org/resource/Category:Property_law http://dbpedia.org/ontology/Place Private_property http://dbpedia.org/resource/Category:Property http://dbpedia.org/resource/Private_property http://dbpedia.org/resource/Category:Political_economy http://dbpedia.org/resource/Private_property http://dbpedia.org/resource/Category:Nightclubs http://dbpedia.org/ontology/Building http://dbpedia.org/resource/Category:Dance_venues http://dbpedia.org/resource/Nightclub http://dbpedia.org/resource/Category:Types_of_drinking_establishment Nightclub http://dbpedia.org/resource/Nightclub http://dbpedia.org/resource/Category:Santa_Maria,_Rio_Grande_do_Sul http://dbpedia.org/resource/Category:2013_disasters_in_Brazil Kiss_nightclub_fire http://dbpedia.org/resource/Category:Fires_in_Brazil http://dbpedia.org/resource/Category:Nightclub_fires_started_by_pyrotechnics http://dbpedia.org/resource/Kiss_nightclub_fire http://dbpedia.org/resource/Category:Fire_disasters_involving_barricaded_escape_routes http://dbpedia.org/resource/Category:2013_fires http://dbpedia.org/resource/Category:Human_stampedes_in_2013 http://dbpedia.org/resource/Category:Accidental_deaths_in_Brazil http://dbpedia.org/resource/Kiss_nightclub_fire http://dbpedia.org/resource/Kiss_(Kiss_album) http://dbpedia.org/ontology/MusicalWork Kiss_(Kiss_album) http://dbpedia.org/resource/Category:Kiss_(band)_albums http://dbpedia.org/resource/Category:1974_debut_albums http://dbpedia.org/resource/Category:Casablanca_Records_albums http://dbpedia.org/ontology/Album http://dbpedia.org/ontology/Work http://dbpedia.org/resource/Category:Albums_with_cover_art_by_Joel_Brodsky http://schema.org/CreativeWork http://schema.org/MusicAlbum http://dbpedia.org/resource/Kiss_(Kiss_album)	5	0	0	58	11	0	0
295573320110333953	Todo o meu amor e respeito a todos de #SantaMaria http://dbpedia.org/resource/Category:Ethical_principles http://dbpedia.org/resource/Category:Love http://dbpedia.org/resource/Category:Fruit_of_the_Holy_Spirit Love http://dbpedia.org/resource/Love http://dbpedia.org/resource/Category:Personal_life http://dbpedia.org/ontology/Grape http://dbpedia.org/resource/Category:Emotions http://dbpedia.org/resource/Love	4	0	1	49	10	1	1
295528277492252672	RT @oclumencia: Desejamos forças para os familiares e amigos de todas as vítimas da #tragediaemSM. http://dbpedia.org/resource/Category:Social_conflict Violence http://dbpedia.org/resource/Violence http://dbpedia.org/resource/Category:Dispute_resolution http://dbpedia.org/resource/Category:Ethics http://dbpedia.org/resource/Category:Violence http://dbpedia.org/resource/Category:Human_behavior http://dbpedia.org/resource/Category:Crime http://dbpedia.org/resource/Violence http://dbpedia.org/resource/Category:English_legendary_creatures http://dbpedia.org/resource/Category:Witchcraft http://dbpedia.org/resource/Category:Deal_with_the_Devil http://dbpedia.org/resource/Category:Fantasy_tropes http://dbpedia.org/resource/Familiar_spirit Familiar_spirit http://dbpedia.org/resource/Category:Supernatural_legends http://dbpedia.org/resource/Familiar_spirit	5	2	0	100	17	1	1
295519012278906880	RT @lucassumaly: quero ver quem vai postar agora. Partiu, boate kiss. http://dbpedia.org/resource/Category:Nightclubs http://dbpedia.org/ontology/Building http://dbpedia.org/resource/Category:Dance_venues http://dbpedia.org/resource/Nightclub http://dbpedia.org/resource/Category:Types_of_drinking_establishment Nightclub http://dbpedia.org/resource/Nightclub http://dbpedia.org/resource/Category:Santa_Maria,_Rio_Grande_do_Sul http://dbpedia.org/resource/Category:2013_disasters_in_Brazil Kiss_nightclub_fire http://dbpedia.org/resource/Category:Fires_in_Brazil http://dbpedia.org/resource/Category:Nightclub_fires_started_by_pyrotechnics http://dbpedia.org/resource/Kiss_nightclub_fire http://dbpedia.org/resource/Category:Fire_disasters_involving_barricaded_escape_routes http://dbpedia.org/resource/Category:2013_fires http://dbpedia.org/resource/Category:Human_stampedes_in_2013 http://dbpedia.org/resource/Category:Accidental_deaths_in_Brazil http://dbpedia.org/resource/Kiss_nightclub_fire	0	6	1	69	11	0	0
277030960632037376	RT @miilena_mayara: - tava lá na calçada com @KlarinhaMello  , #Kalielane , @Luciene #Pablo e outros &gt;&lt; http://dbpedia.org/resource/Category:Pedestrian_infrastructure http://dbpedia.org/resource/Category:Garden_features http://dbpedia.org/resource/Category:Street_furniture http://dbpedia.org/ontology/Place http://dbpedia.org/resource/Sidewalk http://dbpedia.org/resource/Category:Types_of_thoroughfares http://dbpedia.org/resource/Category:Pavements Sidewalk http://dbpedia.org/resource/Category:Footpaths http://dbpedia.org/resource/Sidewalk	11	1	0	111	16	2	0
295563396387069952	Já chegou em 245 o calculo de mortos no incêndio na boate Kiss Em Santa Maria .Que deus ilumine todos las , que de mt mt força #SantaMaria http://dbpedia.org/resource/Category:Calculus http://dbpedia.org/resource/Calculus Calculus http://dbpedia.org/ontology/Book http://dbpedia.org/resource/Calculus Conflagration http://dbpedia.org/ontology/Organisation http://dbpedia.org/resource/Category:Types_of_fire http://dbpedia.org/resource/Conflagration http://dbpedia.org/resource/Category:Firefighting http://dbpedia.org/resource/Conflagration http://dbpedia.org/resource/Category:Santa_Maria,_Rio_Grande_do_Sul http://dbpedia.org/resource/Category:2013_disasters_in_Brazil Kiss_nightclub_fire http://dbpedia.org/resource/Category:Fires_in_Brazil http://dbpedia.org/resource/Category:Nightclub_fires_started_by_pyrotechnics http://dbpedia.org/resource/Kiss_nightclub_fire http://dbpedia.org/resource/Category:Fire_disasters_involving_barricaded_escape_routes http://dbpedia.org/resource/Category:2013_fires http://dbpedia.org/resource/Category:Human_stampedes_in_2013 http://dbpedia.org/resource/Category:Accidental_deaths_in_Brazil http://dbpedia.org/resource/Kiss_nightclub_fire http://dbpedia.org/resource/Category:Nightclubs http://dbpedia.org/ontology/Building http://dbpedia.org/resource/Category:Dance_venues http://dbpedia.org/resource/Nightclub http://dbpedia.org/resource/Category:Types_of_drinking_establishment Nightclub http://dbpedia.org/resource/Nightclub http://dbpedia.org/resource/Category:Santa_Maria,_Rio_Grande_do_Sul http://dbpedia.org/resource/Category:2013_disasters_in_Brazil Kiss_nightclub_fire http://dbpedia.org/resource/Category:Fires_in_Brazil http://dbpedia.org/resource/Category:Nightclub_fires_started_by_pyrotechnics http://dbpedia.org/resource/Kiss_nightclub_fire http://dbpedia.org/resource/Category:Fire_disasters_involving_barricaded_escape_routes http://dbpedia.org/resource/Category:2013_fires http://dbpedia.org/resource/Category:Human_stampedes_in_2013 http://dbpedia.org/resource/Category:Accidental_deaths_in_Brazil http://dbpedia.org/resource/Kiss_nightclub_fire http://dbpedia.org/resource/Category:Religious_terminology http://dbpedia.org/resource/Saint http://dbpedia.org/resource/Category:Saints http://dbpedia.org/resource/Category:Titles_and_occupations_in_Hinduism http://dbpedia.org/ontology/Person http://dbpedia.org/resource/Category:Sainthood Saint http://dbpedia.org/resource/Saint http://dbpedia.org/resource/Category:Santa_Maria,_Rio_Grande_do_Sul http://dbpedia.org/ontology/Place http://dbpedia.org/ontology/Location http://schema.org/Place http://dbpedia.org/ontology/Settlement Santa_Maria,_Rio_Grande_do_Sul http://dbpedia.org/ontology/PopulatedPlace http://dbpedia.org/resource/Brazil http://dbpedia.org/resource/Santa_Maria,_Rio_Grande_do_Sul http://dbpedia.org/resource/Santa_Maria,_Rio_Grande_do_Sul http://dbpedia.org/ontology/Person http://dbpedia.org/resource/Mary_(mother_of_Jesus) Mary_(mother_of_Jesus) http://dbpedia.org/resource/Mary_(mother_of_Jesus)	9	5	2	141	29	1	1
266320566313701376	Forte terremoto na Guatemala deixa 39 mortos http://t.co/US6lYF96 http://dbpedia.org/resource/Category:Political_terminology Strongman_(politics) http://dbpedia.org/ontology/Person http://dbpedia.org/resource/Strongman_(politics) http://dbpedia.org/resource/Strongman_(politics) Earthquake http://dbpedia.org/resource/Category:Geological_hazards http://dbpedia.org/resource/Category:Earthquakes http://dbpedia.org/resource/Category:Seismology http://dbpedia.org/resource/Earthquake http://dbpedia.org/resource/Earthquake	1	2	0	65	11	0	1
244393718059257856	#quake: [6.0] - Papua, Indonesia 23 minutes ago. http://t.co/JaaqDETd http://dbpedia.org/resource/Category:1884_establishments_in_Oceania http://dbpedia.org/resource/Category:Australian_External_Territories http://dbpedia.org/ontology/Place Territory_of_Papua http://dbpedia.org/ontology/Location http://dbpedia.org/resource/Category:History_of_Papua_New_Guinea http://dbpedia.org/resource/Category:Territory_of_Papua http://dbpedia.org/resource/Category:States_and_territories_disestablished_in_1975 http://dbpedia.org/resource/Territory_of_Papua http://dbpedia.org/resource/Category:Former_British_colonies_and_protectorates_in_Oceania http://dbpedia.org/resource/Category:Australia–Papua_New_Guinea_relations http://schema.org/Place http://dbpedia.org/ontology/Country http://dbpedia.org/ontology/PopulatedPlace http://dbpedia.org/resource/Category:History_of_the_foreign_relations_of_Australia http://dbpedia.org/resource/Category:1884_establishments_in_the_British_Empire http://schema.org/Country http://dbpedia.org/resource/Territory_of_Papua http://dbpedia.org/resource/Category:Member_states_of_the_Organisation_of_Islamic_Cooperation http://dbpedia.org/resource/Category:Member_states_of_the_United_Nations http://dbpedia.org/resource/Category:1949_establishments_in_Indonesia http://dbpedia.org/resource/Category:G20_nations http://dbpedia.org/resource/Category:States_and_territories_established_in_1949 http://dbpedia.org/resource/Category:Island_countries http://dbpedia.org/resource/Category:Malay-speaking_countries_and_territories http://dbpedia.org/resource/Category:E7_nations http://dbpedia.org/ontology/MusicalArtist http://dbpedia.org/resource/Indonesia http://dbpedia.org/resource/Category:Muslim-majority_countries http://dbpedia.org/resource/Category:Indonesia http://dbpedia.org/ontology/PopulatedPlace http://schema.org/Country http://dbpedia.org/ontology/Place http://dbpedia.org/resource/Category:Countries_in_Asia http://dbpedia.org/ontology/Location http://dbpedia.org/resource/Category:Republics http://dbpedia.org/resource/Category:G15_nations http://dbpedia.org/resource/Category:Member_states_of_OPEC http://dbpedia.org/resource/Category:Countries_in_Melanesia http://dbpedia.org/resource/Category:Countries_in_Oceania http://schema.org/Place http://dbpedia.org/resource/Category:Developing_8_Countries_member_states http://dbpedia.org/ontology/Country http://dbpedia.org/resource/Category:Southeast_Asian_countries http://dbpedia.org/resource/Category:Member_states_of_the_Association_of_Southeast_Asian_Nations Indonesia http://dbpedia.org/resource/Indonesia	5	0	1	69	12	1	0
243360354795671553	RT @Gorileo: 7.9 3km NE of Samara, Costa Rica 2012-09-05 14:42:10 #TemblorCR Samara_(fruit) http://dbpedia.org/resource/Category:Fruit_morphology http://dbpedia.org/resource/Samara_(fruit) http://dbpedia.org/resource/Samara_(fruit) http://dbpedia.org/resource/Category:Coastal_geography http://dbpedia.org/resource/Category:Oceanographical_terminology http://dbpedia.org/resource/Coast Coast http://dbpedia.org/ontology/Place http://dbpedia.org/resource/Category:Coastal_and_oceanic_landforms http://dbpedia.org/resource/Category:Coasts http://dbpedia.org/resource/Coast	8	0	0	76	17	1	1
295616441745559554	RT @plusp3rry: Sim, esse era o cartaz do evento da boate kiss o que ainda me deixou mais surpreso http://t.co/Rs54W6Ue http://dbpedia.org/resource/Category:Communication_design http://dbpedia.org/resource/Category:Advertising_publications_by_format http://dbpedia.org/resource/Poster http://dbpedia.org/resource/Category:Grey_literature Poster http://dbpedia.org/resource/Category:Graphic_design http://dbpedia.org/resource/Category:Posters http://dbpedia.org/resource/Poster http://dbpedia.org/resource/Category:Nightclubs http://dbpedia.org/ontology/Building http://dbpedia.org/resource/Category:Dance_venues http://dbpedia.org/resource/Nightclub http://dbpedia.org/resource/Category:Types_of_drinking_establishment Nightclub http://dbpedia.org/resource/Nightclub http://dbpedia.org/resource/Category:Santa_Maria,_Rio_Grande_do_Sul http://dbpedia.org/resource/Category:2013_disasters_in_Brazil Kiss_nightclub_fire http://dbpedia.org/resource/Category:Fires_in_Brazil http://dbpedia.org/resource/Category:Nightclub_fires_started_by_pyrotechnics http://dbpedia.org/resource/Kiss_nightclub_fire http://dbpedia.org/resource/Category:Fire_disasters_involving_barricaded_escape_routes http://dbpedia.org/resource/Category:2013_fires http://dbpedia.org/resource/Category:Human_stampedes_in_2013 http://dbpedia.org/resource/Category:Accidental_deaths_in_Brazil http://dbpedia.org/resource/Kiss_nightclub_fire	5	3	3	118	23	0	0
243369179615485952	RT @omarhUN: ÚLTIMO: Terremoto de 7.9 grados Richter en Costa Rica. Emitida alerta de tsunami Earthquake http://dbpedia.org/resource/Category:Geological_hazards http://dbpedia.org/resource/Category:Earthquakes http://dbpedia.org/resource/Category:Seismology http://dbpedia.org/resource/Earthquake http://dbpedia.org/resource/Earthquake http://dbpedia.org/resource/Category:Coastal_geography http://dbpedia.org/resource/Category:Oceanographical_terminology http://dbpedia.org/resource/Coast Coast http://dbpedia.org/ontology/Place http://dbpedia.org/resource/Category:Coastal_and_oceanic_landforms http://dbpedia.org/resource/Category:Coasts http://dbpedia.org/resource/Coast http://dbpedia.org/resource/Tsunami_warning_system Tsunami_warning_system http://dbpedia.org/resource/Category:Warning_systems http://dbpedia.org/resource/Category:Tsunami http://dbpedia.org/resource/Tsunami_warning_system http://dbpedia.org/resource/Category:Earthquake_engineering http://dbpedia.org/resource/Category:Oceanographical_terminology http://dbpedia.org/resource/Category:Flood http://dbpedia.org/resource/Category:Natural_hazards Tsunami http://dbpedia.org/resource/Category:Risk_management http://dbpedia.org/resource/Category:Articles_containing_video_clips http://dbpedia.org/resource/Category:Physical_oceanography http://dbpedia.org/resource/Category:Tsunami http://dbpedia.org/resource/Category:Japanese_words_and_phrases http://dbpedia.org/resource/Tsunami http://dbpedia.org/resource/Category:Water_waves http://dbpedia.org/resource/Category:Geological_hazards http://dbpedia.org/resource/Category:Forms_of_water http://dbpedia.org/ontology/TelevisionShow http://dbpedia.org/resource/Tsunami	9	1	0	94	16	0	1
217018900959858688	Ouvir a torcida do meu #Inter cantando na Ilha do Retiro me faz lembrar o grande torcedor do #COLORADO Neco tio do @ToniMissel q mora em PE. http://dbpedia.org/resource/Category:Auditory_system Hearing http://dbpedia.org/ontology/Disease http://dbpedia.org/resource/Category:Hearing http://dbpedia.org/resource/Category:Audiology http://dbpedia.org/resource/Category:Sound http://dbpedia.org/resource/Hearing http://dbpedia.org/resource/Hearing http://dbpedia.org/ontology/Organisation Torcida_organizada http://dbpedia.org/resource/Category:Football_in_Brazil http://dbpedia.org/resource/Torcida_organizada http://dbpedia.org/resource/Torcida_organizada http://dbpedia.org/resource/Category:Oceanographical_terminology http://dbpedia.org/resource/Category:Fluvial_landforms http://dbpedia.org/resource/Category:Coastal_and_oceanic_landforms Island http://dbpedia.org/resource/Island http://dbpedia.org/resource/Category:Islands http://dbpedia.org/resource/Island http://dbpedia.org/resource/Retiro_Island_(Bras http://dbpedia.org/resource/Retiro_Island_(Brasília) http://dbpedia.org/resource/Category:Association_football_supporters'_associations http://dbpedia.org/resource/Category:Cricket_culture http://dbpedia.org/resource/Category:Sports_culture Supporters'_groups http://dbpedia.org/resource/Category:Articles_containing_video_clips http://dbpedia.org/resource/Category:Gaelic_games_culture http://dbpedia.org/resource/Supporters'_groups http://dbpedia.org/ontology/SportsTeam http://dbpedia.org/resource/Category:Basketball_culture http://dbpedia.org/resource/Category:Association_football_culture http://dbpedia.org/resource/Category:Australian_rules_football_culture http://dbpedia.org/resource/Category:Rugby_football_culture http://dbpedia.org/resource/Category:Baseball_culture http://dbpedia.org/resource/Supporters'_groups Uncle http://dbpedia.org/resource/Uncle http://dbpedia.org/resource/Category:Genealogy http://dbpedia.org/ontology/Person http://dbpedia.org/resource/Category:Family http://dbpedia.org/resource/Category:Kinship_and_descent http://dbpedia.org/resource/Uncle Mora_(linguistics) http://dbpedia.org/ontology/Organisation http://dbpedia.org/resource/Category:Phonology http://dbpedia.org/resource/Mora_(linguistics) http://dbpedia.org/resource/Mora_(linguistics)	12	5	3	140	27	2	0
295521365266677760	RT @fernandozanuzo: Um dono da Boate Kiss se apresentou à polícia. Paradeiro dos integrantes das bandas ainda desconhecido. @rdgaucha http://dbpedia.org/resource/Category:Nightclubs http://dbpedia.org/ontology/Building http://dbpedia.org/resource/Category:Dance_venues http://dbpedia.org/resource/Nightclub http://dbpedia.org/resource/Category:Types_of_drinking_establishment Nightclub http://dbpedia.org/resource/Nightclub http://dbpedia.org/resource/Category:Santa_Maria,_Rio_Grande_do_Sul http://dbpedia.org/resource/Category:2013_disasters_in_Brazil Kiss_nightclub_fire http://dbpedia.org/resource/Category:Fires_in_Brazil http://dbpedia.org/resource/Category:Nightclub_fires_started_by_pyrotechnics http://dbpedia.org/resource/Kiss_nightclub_fire http://dbpedia.org/resource/Category:Fire_disasters_involving_barricaded_escape_routes http://dbpedia.org/resource/Category:2013_fires http://dbpedia.org/resource/Category:Human_stampedes_in_2013 http://dbpedia.org/resource/Category:Accidental_deaths_in_Brazil http://dbpedia.org/resource/Kiss_nightclub_fire http://dbpedia.org/resource/Category:Musical_groups_from_New_York_City http://dbpedia.org/ontology/Organisation Kiss_(band) http://dbpedia.org/resource/Kiss_(band) http://dbpedia.org/resource/Category:Musical_groups_established_in_1973 http://dbpedia.org/resource/Category:1973_establishments_in_New_York http://dbpedia.org/resource/Category:Heavy_metal_musical_groups_from_New_York http://dbpedia.org/ontology/Agent http://dbpedia.org/ontology/Group http://schema.org/Organization http://dbpedia.org/resource/Category:Articles_which_contain_graphical_timelines http://dbpedia.org/resource/Category:Musical_quartets http://schema.org/MusicGroup http://dbpedia.org/resource/Category:Kiss_(band) http://dbpedia.org/ontology/Band http://dbpedia.org/resource/Category:Bands_with_fictional_stage_personas http://dbpedia.org/resource/Category:Rock_and_Roll_Hall_of_Fame_inductees http://dbpedia.org/resource/Category:Hard_rock_musical_groups_from_New_York http://dbpedia.org/resource/Kiss_(band) http://dbpedia.org/resource/Category:Law_enforcement_units Constabulary http://dbpedia.org/resource/Constabulary http://dbpedia.org/resource/Constabulary http://dbpedia.org/resource/Category:Musical_groups http://dbpedia.org/ontology/Band http://dbpedia.org/resource/Musical_ensemble Musical_ensemble http://dbpedia.org/resource/Musical_ensemble	8	5	1	135	19	0	1
205539019608690688	RT @sismos_dot_cl: 65 km al NE de Huasco http://t.co/CKpATfSO #Terremoto #Temblor  #sismos #chile #sismo http://dbpedia.org/ontology/Organisation http://dbpedia.org/resource/Kilometre http://dbpedia.org/resource/Category:Orders_of_magnitude_(length) Kilometre http://dbpedia.org/resource/Category:1000_(number) http://dbpedia.org/resource/Category:Units_of_length http://dbpedia.org/resource/Kilometre Ne_(kana) http://dbpedia.org/resource/Category:Specific_kana http://dbpedia.org/resource/Ne_(kana) http://dbpedia.org/resource/Ne_(kana) Earthquake http://dbpedia.org/resource/Category:Geological_hazards http://dbpedia.org/resource/Category:Earthquakes http://dbpedia.org/resource/Category:Seismology http://dbpedia.org/resource/Earthquake http://dbpedia.org/resource/Earthquake http://dbpedia.org/resource/Category:Member_states_of_the_United_Nations http://dbpedia.org/ontology/Place http://dbpedia.org/ontology/Location http://dbpedia.org/resource/Category:G15_nations http://dbpedia.org/resource/Category:States_and_territories_established_in_1818 http://dbpedia.org/resource/Category:Republics http://dbpedia.org/resource/Category:Countries_in_South_America http://dbpedia.org/resource/Category:1818_establishments_in_South_America http://dbpedia.org/resource/Category:Spanish-speaking_countries_and_territories http://dbpedia.org/resource/Category:Former_Spanish_colonies http://dbpedia.org/ontology/MusicalArtist http://dbpedia.org/resource/Category:Chile http://schema.org/Place http://dbpedia.org/resource/Category:Liberal_democracies http://dbpedia.org/resource/Category:Member_states_of_the_Union_of_South_American_Nations http://dbpedia.org/ontology/Country http://dbpedia.org/resource/Chile Chile http://dbpedia.org/ontology/PopulatedPlace http://schema.org/Country http://dbpedia.org/resource/Chile Earthquake http://dbpedia.org/resource/Category:Geological_hazards http://dbpedia.org/resource/Category:Earthquakes http://dbpedia.org/resource/Category:Seismology http://dbpedia.org/resource/Earthquake http://dbpedia.org/resource/Earthquake	11	1	0	104	17	5	0
298247935517417473	RT @RdGaucha: Santa Maria: Cai número de pacientes internados após incêndio na boate Kiss http://t.co/YS0n6fHA http://dbpedia.org/resource/Category:Religious_terminology http://dbpedia.org/resource/Saint http://dbpedia.org/resource/Category:Saints http://dbpedia.org/resource/Category:Titles_and_occupations_in_Hinduism http://dbpedia.org/ontology/Person http://dbpedia.org/resource/Category:Sainthood Saint http://dbpedia.org/resource/Saint http://dbpedia.org/resource/Category:Santa_Maria,_Rio_Grande_do_Sul http://dbpedia.org/ontology/Place http://dbpedia.org/ontology/Location http://schema.org/Place http://dbpedia.org/ontology/Settlement Santa_Maria,_Rio_Grande_do_Sul http://dbpedia.org/ontology/PopulatedPlace http://dbpedia.org/resource/Brazil http://dbpedia.org/resource/Santa_Maria,_Rio_Grande_do_Sul http://dbpedia.org/resource/Santa_Maria,_Rio_Grande_do_Sul http://dbpedia.org/ontology/Person http://dbpedia.org/resource/Mary_(mother_of_Jesus) Mary_(mother_of_Jesus) http://dbpedia.org/resource/Mary_(mother_of_Jesus) http://dbpedia.org/ontology/Organisation http://dbpedia.org/resource/Category:Elementary_mathematics http://dbpedia.org/resource/Magnitude_(mathematics) Magnitude_(mathematics) http://dbpedia.org/resource/Magnitude_(mathematics) http://dbpedia.org/resource/Category:Medical_terminology http://dbpedia.org/resource/Patient Patient http://dbpedia.org/resource/Category:Patient http://dbpedia.org/resource/Patient http://dbpedia.org/resource/Category:Medical_terminology http://dbpedia.org/resource/Patient Patient http://dbpedia.org/resource/Category:Patient http://dbpedia.org/resource/Patient http://dbpedia.org/resource/Category:Santa_Maria,_Rio_Grande_do_Sul http://dbpedia.org/resource/Category:2013_disasters_in_Brazil Kiss_nightclub_fire http://dbpedia.org/resource/Category:Fires_in_Brazil http://dbpedia.org/resource/Category:Nightclub_fires_started_by_pyrotechnics http://dbpedia.org/resource/Kiss_nightclub_fire http://dbpedia.org/resource/Category:Fire_disasters_involving_barricaded_escape_routes http://dbpedia.org/resource/Category:2013_fires http://dbpedia.org/resource/Category:Human_stampedes_in_2013 http://dbpedia.org/resource/Category:Accidental_deaths_in_Brazil http://dbpedia.org/resource/Kiss_nightclub_fire http://dbpedia.org/resource/Category:Nightclubs http://dbpedia.org/ontology/Building http://dbpedia.org/resource/Category:Dance_venues http://dbpedia.org/resource/Nightclub http://dbpedia.org/resource/Category:Types_of_drinking_establishment Nightclub http://dbpedia.org/resource/Nightclub http://dbpedia.org/resource/Category:Santa_Maria,_Rio_Grande_do_Sul http://dbpedia.org/resource/Category:2013_disasters_in_Brazil Kiss_nightclub_fire http://dbpedia.org/resource/Category:Fires_in_Brazil http://dbpedia.org/resource/Category:Nightclub_fires_started_by_pyrotechnics http://dbpedia.org/resource/Kiss_nightclub_fire http://dbpedia.org/resource/Category:Fire_disasters_involving_barricaded_escape_routes http://dbpedia.org/resource/Category:2013_fires http://dbpedia.org/resource/Category:Human_stampedes_in_2013 http://dbpedia.org/resource/Category:Accidental_deaths_in_Brazil http://dbpedia.org/resource/Kiss_nightclub_fire	9	3	0	113	21	0	1
296286553112723456	, um filme no mínimo vai sair dessa trajedia em..  #SantaMaria #UFSM http://dbpedia.org/resource/Film http://dbpedia.org/resource/Category:French_inventions http://dbpedia.org/resource/Category:Media_formats Film http://dbpedia.org/resource/Category:Entertainment http://dbpedia.org/ontology/TelevisionShow http://dbpedia.org/resource/Category:Film http://dbpedia.org/resource/Category:Articles_containing_video_clips http://dbpedia.org/resource/Category:Art_media http://dbpedia.org/resource/Category:Storytelling http://dbpedia.org/resource/Film	4	2	1	69	12	2	1
248491959923142657	MI PAPI SE IRA A #COSTARICA OTRA VEZ! http://dbpedia.org/resource/Anger Anger http://dbpedia.org/resource/Category:Seven_deadly_sins http://dbpedia.org/resource/Category:Articles_with_inconsistent_citation_formats http://dbpedia.org/ontology/MilitaryConflict http://dbpedia.org/resource/Category:Emotions http://dbpedia.org/resource/Anger	7	0	1	37	8	1	0
328702168695730176	Consumo consciente, quem vem? “@bbcbrasil: Desabamento em #Bangladesh revela lado obscuro da indústria de roupas -  http://t.co/HZSt9CXmVX” http://dbpedia.org/resource/Consumption_(economics) http://dbpedia.org/resource/Category:Consumption http://dbpedia.org/resource/Category:Consumer_theory Consumption_(economics) http://dbpedia.org/resource/Consumption_(economics) http://dbpedia.org/resource/Category:Consumer_behaviour http://dbpedia.org/resource/Category:Business_ethics http://dbpedia.org/resource/Category:Market-based_policy_instruments Ethical_consumerism http://dbpedia.org/resource/Category:Consumer_boycotts http://dbpedia.org/resource/Category:Protectionism http://dbpedia.org/resource/Ethical_consumerism http://dbpedia.org/resource/Category:Intentional_living http://dbpedia.org/resource/Category:Sustainability http://dbpedia.org/ontology/OfficeHolder http://dbpedia.org/resource/Ethical_consumerism http://dbpedia.org/ontology/Disease http://dbpedia.org/resource/Landslide Landslide http://dbpedia.org/resource/Category:Environmental_soil_science http://dbpedia.org/resource/Category:Landslides http://dbpedia.org/resource/Landslide http://dbpedia.org/ontology/Place http://dbpedia.org/ontology/Location http://dbpedia.org/resource/Category:States_and_territories_disestablished_in_1971 http://dbpedia.org/resource/Category:Former_exclaves East_Pakistan http://dbpedia.org/resource/Category:History_of_Bangladesh http://dbpedia.org/resource/Category:Former_republics http://dbpedia.org/resource/Category:Articles_containing_video_clips http://dbpedia.org/resource/Category:Former_subdivisions_of_Pakistan http://dbpedia.org/resource/Category:History_of_Pakistan Pakistan^^http://www.w3.org/1999/02/22-rdf-syntax-ns#langString http://schema.org/Place http://dbpedia.org/resource/Category:States_and_territories_established_in_1955 http://dbpedia.org/resource/Category:Bangladesh_Liberation_War http://dbpedia.org/ontology/Country http://dbpedia.org/ontology/PopulatedPlace http://dbpedia.org/resource/East_Pakistan http://schema.org/Country http://dbpedia.org/resource/Category:East_Pakistan http://dbpedia.org/resource/East_Pakistan Industry http://dbpedia.org/resource/Industry http://dbpedia.org/resource/Category:Industry http://dbpedia.org/ontology/Company http://dbpedia.org/resource/Industry Clothing http://dbpedia.org/resource/Category:Clothing http://dbpedia.org/ontology/AnatomicalStructure http://dbpedia.org/resource/Clothing http://dbpedia.org/resource/Clothing	9	3	1	144	20	1	1
295552604451246081	#santamaria dia dificil hoje em :( http://dbpedia.org/resource/Category:Orders_of_magnitude_(time) http://dbpedia.org/ontology/Organisation http://dbpedia.org/resource/Day Day http://dbpedia.org/resource/Category:Day http://dbpedia.org/resource/Day	3	1	0	34	5	1	1
296053010105245697	@LudmilaCarreira vamos pra boate kiss http://dbpedia.org/resource/Category:Nightclubs http://dbpedia.org/ontology/Building http://dbpedia.org/resource/Category:Dance_venues http://dbpedia.org/resource/Nightclub http://dbpedia.org/resource/Category:Types_of_drinking_establishment Nightclub http://dbpedia.org/resource/Nightclub http://dbpedia.org/resource/Category:Santa_Maria,_Rio_Grande_do_Sul http://dbpedia.org/resource/Category:2013_disasters_in_Brazil Kiss_nightclub_fire http://dbpedia.org/resource/Category:Fires_in_Brazil http://dbpedia.org/resource/Category:Nightclub_fires_started_by_pyrotechnics http://dbpedia.org/resource/Kiss_nightclub_fire http://dbpedia.org/resource/Category:Fire_disasters_involving_barricaded_escape_routes http://dbpedia.org/resource/Category:2013_fires http://dbpedia.org/resource/Category:Human_stampedes_in_2013 http://dbpedia.org/resource/Category:Accidental_deaths_in_Brazil http://dbpedia.org/resource/Kiss_nightclub_fire http://dbpedia.org/resource/Category:Musical_groups_from_New_York_City http://dbpedia.org/ontology/Organisation Kiss_(band) http://dbpedia.org/resource/Kiss_(band) http://dbpedia.org/resource/Category:Musical_groups_established_in_1973 http://dbpedia.org/resource/Category:1973_establishments_in_New_York http://dbpedia.org/resource/Category:Heavy_metal_musical_groups_from_New_York http://dbpedia.org/ontology/Agent http://dbpedia.org/ontology/Group http://schema.org/Organization http://dbpedia.org/resource/Category:Articles_which_contain_graphical_timelines http://dbpedia.org/resource/Category:Musical_quartets http://schema.org/MusicGroup http://dbpedia.org/resource/Category:Kiss_(band) http://dbpedia.org/ontology/Band http://dbpedia.org/resource/Category:Bands_with_fictional_stage_personas http://dbpedia.org/resource/Category:Rock_and_Roll_Hall_of_Fame_inductees http://dbpedia.org/resource/Category:Hard_rock_musical_groups_from_New_York http://dbpedia.org/resource/Kiss_(band)	3	0	0	37	5	0	0
243371557819396096	RT @g1: Forte terremoto atinge a Costa Rica e gera alerta de tsunami. Ainda não informações sobre vítimas ou danos http://t.co/Rv2X5PNH G1_phase http://dbpedia.org/resource/Category:Cell_cycle http://dbpedia.org/resource/G1_phase http://dbpedia.org/resource/G1_phase http://dbpedia.org/resource/Category:Political_terminology Strongman_(politics) http://dbpedia.org/ontology/Person http://dbpedia.org/resource/Strongman_(politics) http://dbpedia.org/resource/Strongman_(politics) Earthquake http://dbpedia.org/resource/Category:Geological_hazards http://dbpedia.org/resource/Category:Earthquakes http://dbpedia.org/resource/Category:Seismology http://dbpedia.org/resource/Earthquake http://dbpedia.org/resource/Earthquake http://dbpedia.org/resource/Category:Coastal_geography http://dbpedia.org/resource/Category:Oceanographical_terminology http://dbpedia.org/resource/Coast Coast http://dbpedia.org/ontology/Place http://dbpedia.org/resource/Category:Coastal_and_oceanic_landforms http://dbpedia.org/resource/Category:Coasts http://dbpedia.org/resource/Coast http://dbpedia.org/resource/Tsunami_warning_system Tsunami_warning_system http://dbpedia.org/resource/Category:Warning_systems http://dbpedia.org/resource/Category:Tsunami http://dbpedia.org/resource/Tsunami_warning_system http://dbpedia.org/resource/Category:Earthquake_engineering http://dbpedia.org/resource/Category:Oceanographical_terminology http://dbpedia.org/resource/Category:Flood http://dbpedia.org/resource/Category:Natural_hazards Tsunami http://dbpedia.org/resource/Category:Risk_management http://dbpedia.org/resource/Category:Articles_containing_video_clips http://dbpedia.org/resource/Category:Physical_oceanography http://dbpedia.org/resource/Category:Tsunami http://dbpedia.org/resource/Category:Japanese_words_and_phrases http://dbpedia.org/resource/Tsunami http://dbpedia.org/resource/Category:Water_waves http://dbpedia.org/resource/Category:Geological_hazards http://dbpedia.org/resource/Category:Forms_of_water http://dbpedia.org/ontology/TelevisionShow http://dbpedia.org/resource/Tsunami http://dbpedia.org/resource/Still http://dbpedia.org/resource/Category:Distillation http://dbpedia.org/resource/Category:Laboratory_equipment http://dbpedia.org/resource/Category:Separation_processes http://dbpedia.org/resource/Category:Chemical_equipment Still http://dbpedia.org/resource/Still http://dbpedia.org/resource/Category:Information http://dbpedia.org/resource/Category:Concepts_in_metaphysics http://dbpedia.org/resource/Information http://dbpedia.org/resource/Category:Information_science Information http://dbpedia.org/resource/Information	8	2	1	139	27	0	1
298233460974301184	Como não chorar? Tô arrasada #SantaMaria #Fantástico http://dbpedia.org/resource/Fantastic http://dbpedia.org/ontology/MusicGenre http://dbpedia.org/resource/Category:Horror_genres Fantastic http://dbpedia.org/resource/Fantastic	4	2	0	55	9	2	1
243382949528076288	RT @PenchoyAida: RT @arnulfogavidia: http://t.co/Y4fIph3d VIDEO DEL MOMENTO DEL TEMBLOR EN COSTA RICA / Gracias por compartir el vídeo! http://dbpedia.org/resource/Category:Display_technology http://dbpedia.org/ontology/Athlete http://dbpedia.org/resource/Category:Video_signal http://dbpedia.org/resource/Category:Video_formats http://dbpedia.org/resource/Category:High-definition_television http://dbpedia.org/resource/Video http://dbpedia.org/resource/Category:Digital_television http://dbpedia.org/resource/Category:Media_formats Video http://dbpedia.org/resource/Category:Television_terminology http://dbpedia.org/resource/Category:Video http://dbpedia.org/resource/Category:Film_and_video_technology http://dbpedia.org/resource/Category:History_of_television http://dbpedia.org/resource/Video http://dbpedia.org/resource/Category:Coastal_geography http://dbpedia.org/resource/Category:Oceanographical_terminology http://dbpedia.org/resource/Coast Coast http://dbpedia.org/ontology/Place http://dbpedia.org/resource/Category:Coastal_and_oceanic_landforms http://dbpedia.org/resource/Category:Coasts http://dbpedia.org/resource/Coast http://dbpedia.org/resource/Category:Populated_places_established_in_1536 http://dbpedia.org/resource/Gracias http://dbpedia.org/ontology/Place http://dbpedia.org/ontology/Location http://dbpedia.org/resource/Category:1536_establishments_in_the_Spanish_Empire Gracias http://schema.org/Place http://dbpedia.org/ontology/Settlement http://dbpedia.org/resource/Category:Municipalities_of_the_Lempira_Department http://dbpedia.org/ontology/PopulatedPlace http://dbpedia.org/resource/Category:Populated_places_in_Honduras http://dbpedia.org/resource/Gracias http://dbpedia.org/resource/Category:Display_technology http://dbpedia.org/ontology/Athlete http://dbpedia.org/resource/Category:Video_signal http://dbpedia.org/resource/Category:Video_formats http://dbpedia.org/resource/Category:High-definition_television http://dbpedia.org/resource/Video http://dbpedia.org/resource/Category:Digital_television http://dbpedia.org/resource/Category:Media_formats Video http://dbpedia.org/resource/Category:Television_terminology http://dbpedia.org/resource/Category:Video http://dbpedia.org/resource/Category:Film_and_video_technology http://dbpedia.org/resource/Category:History_of_television http://dbpedia.org/resource/Video	14	2	0	136	22	0	1
244034257838817280	RT @TodoTiempo: #Temblor♨ M 4.3, 18km NNW of Cruces de Anori, Colombia http://t.co/d062Afrv #Earthquake #Sismo http://dbpedia.org/resource/Points_of_the_compass Points_of_the_compass http://dbpedia.org/resource/Category:Navigational_equipment http://dbpedia.org/resource/Category:Units_of_angle http://dbpedia.org/ontology/Mountain http://dbpedia.org/resource/Category:Orientation_(geometry) http://dbpedia.org/resource/Points_of_the_compass http://dbpedia.org/resource/Cuba http://dbpedia.org/ontology/Place http://dbpedia.org/resource/Cruces,_Cuba http://dbpedia.org/ontology/Location http://dbpedia.org/resource/Category:Populated_places_in_Cienfuegos_Province http://schema.org/Place http://dbpedia.org/ontology/Settlement http://dbpedia.org/ontology/PopulatedPlace Cruces,_Cuba http://dbpedia.org/resource/Cruces,_Cuba http://dbpedia.org/resource/Anori http://dbpedia.org/ontology/Place http://dbpedia.org/ontology/Location http://schema.org/Place http://dbpedia.org/resource/Category:Populated_places_on_the_Amazon http://dbpedia.org/resource/Category:Municipalities_in_Amazonas_(Brazilian_state) http://dbpedia.org/ontology/Settlement http://dbpedia.org/ontology/PopulatedPlace http://dbpedia.org/resource/Brazil Anori http://dbpedia.org/resource/Anori Colombia http://dbpedia.org/resource/Category:Member_states_of_the_United_Nations http://dbpedia.org/ontology/Place http://dbpedia.org/ontology/Location http://dbpedia.org/resource/Category:Republics http://dbpedia.org/resource/Category:Countries_in_South_America collapsed^^http://www.w3.org/1999/02/22-rdf-syntax-ns#langString http://dbpedia.org/resource/Colombia http://dbpedia.org/resource/Category:Countries_in_the_Caribbean http://dbpedia.org/resource/Category:Spanish-speaking_countries_and_territories http://dbpedia.org/resource/Category:Constitutional_republics http://dbpedia.org/resource/Category:Andean_Community http://dbpedia.org/resource/Category:Former_Spanish_colonies http://dbpedia.org/ontology/MusicalArtist http://schema.org/Place http://dbpedia.org/resource/Category:Member_states_of_the_Union_of_South_American_Nations http://dbpedia.org/resource/Category:Colombia http://dbpedia.org/ontology/Country http://dbpedia.org/ontology/PopulatedPlace http://dbpedia.org/resource/Category:States_and_territories_established_in_1810 http://schema.org/Country http://dbpedia.org/resource/Colombia http://dbpedia.org/resource/Category:1974_films http://dbpedia.org/resource/Category:American_disaster_films http://dbpedia.org/resource/Category:Films_set_in_Los_Angeles http://dbpedia.org/resource/Category:Films_shot_in_Los_Angeles http://dbpedia.org/resource/Category:English-language_films http://dbpedia.org/resource/Category:American_action_thriller_films http://dbpedia.org/resource/Category:Films_about_earthquakes United http://dbpedia.org/resource/Category:Universal_Pictures_films http://dbpedia.org/resource/Category:American_films http://dbpedia.org/resource/Category:Films_that_won_the_Best_Sound_Mixing_Academy_Award http://dbpedia.org/ontology/Film http://dbpedia.org/ontology/Wikidata:Q11424 http://schema.org/CreativeWork States^^http://www.w3.org/1999/02/22-rdf-syntax-ns#langString http://dbpedia.org/resource/Earthquake_(film) http://dbpedia.org/resource/Category:Screenplays_by_Mario_Puzo http://dbpedia.org/ontology/Work http://schema.org/Movie http://dbpedia.org/resource/Category:1970s_action_thriller_films http://dbpedia.org/resource/Category:Films_directed_by_Mark_Robson Earthquake_(film) http://dbpedia.org/resource/Category:Film_scores_by_John_Williams http://dbpedia.org/resource/Earthquake_(film) Earthquake http://dbpedia.org/resource/Category:Geological_hazards http://dbpedia.org/resource/Category:Earthquakes http://dbpedia.org/resource/Category:Seismology http://dbpedia.org/resource/Earthquake http://dbpedia.org/resource/Earthquake	14	1	0	112	19	3	0
274843928904204288	RT @kevinhenao3: Real#pablo escobar!! 😉 http://t.co/lZfFctze	2	2	0	63	9	0	0
299587088708415488	RT @revistavoto: Encontro no sábado (9) em Santa Maria discutirá criação de associação de familiares de vítimas do incêndio na boate Kiss. Abutment http://dbpedia.org/resource/Abutment http://dbpedia.org/resource/Category:Civil_engineering http://dbpedia.org/resource/Category:Bridges http://dbpedia.org/resource/Category:Foundations_(buildings_and_structures) http://dbpedia.org/resource/Abutment http://dbpedia.org/ontology/School http://dbpedia.org/resource/Saturday http://dbpedia.org/resource/Category:Eastern_Christian_liturgy Saturday http://dbpedia.org/resource/Category:Days_of_the_week http://dbpedia.org/resource/Category:Saturday http://dbpedia.org/resource/Saturday http://dbpedia.org/resource/Category:Religious_terminology http://dbpedia.org/resource/Saint http://dbpedia.org/resource/Category:Saints http://dbpedia.org/resource/Category:Titles_and_occupations_in_Hinduism http://dbpedia.org/ontology/Person http://dbpedia.org/resource/Category:Sainthood Saint http://dbpedia.org/resource/Saint http://dbpedia.org/resource/Category:Santa_Maria,_Rio_Grande_do_Sul http://dbpedia.org/ontology/Place http://dbpedia.org/ontology/Location http://schema.org/Place http://dbpedia.org/ontology/Settlement Santa_Maria,_Rio_Grande_do_Sul http://dbpedia.org/ontology/PopulatedPlace http://dbpedia.org/resource/Brazil http://dbpedia.org/resource/Santa_Maria,_Rio_Grande_do_Sul http://dbpedia.org/resource/Santa_Maria,_Rio_Grande_do_Sul http://dbpedia.org/ontology/Person http://dbpedia.org/resource/Mary_(mother_of_Jesus) Mary_(mother_of_Jesus) http://dbpedia.org/resource/Mary_(mother_of_Jesus) http://dbpedia.org/resource/Category:Santa_Maria,_Rio_Grande_do_Sul http://dbpedia.org/resource/Category:2013_disasters_in_Brazil Kiss_nightclub_fire http://dbpedia.org/resource/Category:Fires_in_Brazil http://dbpedia.org/resource/Category:Nightclub_fires_started_by_pyrotechnics http://dbpedia.org/resource/Kiss_nightclub_fire http://dbpedia.org/resource/Category:Fire_disasters_involving_barricaded_escape_routes http://dbpedia.org/resource/Category:2013_fires http://dbpedia.org/resource/Category:Human_stampedes_in_2013 http://dbpedia.org/resource/Category:Accidental_deaths_in_Brazil http://dbpedia.org/resource/Kiss_nightclub_fire http://dbpedia.org/resource/Category:Nightclubs http://dbpedia.org/ontology/Building http://dbpedia.org/resource/Category:Dance_venues http://dbpedia.org/resource/Nightclub http://dbpedia.org/resource/Category:Types_of_drinking_establishment Nightclub http://dbpedia.org/resource/Nightclub http://dbpedia.org/resource/Category:Santa_Maria,_Rio_Grande_do_Sul http://dbpedia.org/resource/Category:2013_disasters_in_Brazil Kiss_nightclub_fire http://dbpedia.org/resource/Category:Fires_in_Brazil http://dbpedia.org/resource/Category:Nightclub_fires_started_by_pyrotechnics http://dbpedia.org/resource/Kiss_nightclub_fire http://dbpedia.org/resource/Category:Fire_disasters_involving_barricaded_escape_routes http://dbpedia.org/resource/Category:2013_fires http://dbpedia.org/resource/Category:Human_stampedes_in_2013 http://dbpedia.org/resource/Category:Accidental_deaths_in_Brazil http://dbpedia.org/resource/Kiss_nightclub_fire	12	3	0	146	27	0	1
271360727187611648	RT @LAVOZ__: #SISMO: #Calama: [Preliminar] 4.2 a 44km al NE de Maria Elena, a 105km de profundidad. Earthquake http://dbpedia.org/resource/Category:Geological_hazards http://dbpedia.org/resource/Category:Earthquakes http://dbpedia.org/resource/Category:Seismology http://dbpedia.org/resource/Earthquake http://dbpedia.org/resource/Earthquake Foreplay http://dbpedia.org/resource/Category:Sexual_acts http://dbpedia.org/resource/Foreplay http://dbpedia.org/resource/Foreplay Ne_(kana) http://dbpedia.org/resource/Category:Specific_kana http://dbpedia.org/resource/Ne_(kana) http://dbpedia.org/resource/Ne_(kana) http://dbpedia.org/ontology/Person http://dbpedia.org/resource/Mary_(mother_of_Jesus) Mary_(mother_of_Jesus) http://dbpedia.org/resource/Mary_(mother_of_Jesus)	9	2	0	99	18	2	0
295573827654660098	Que tal ganhar muitos seguidores reais ? Só hoje 27/01 #addseguidores http://t.co/OJ6zQpZP #SantaMaria 	5	1	0	103	16	2	0
